Ticker,Status
KLAC,good
WUHN,good
ATOM3.SA,good
SIMECB.MX,good
1141.HK,good
F9D.SI,good
FEO.V,good
TAL,insufficient_history
DWD.F,good
SBIN.NS,good
RUB.AX,no_data
RAPT4.SA,good
COLLADO.MX,good
SHF.MU,good
BTU,insufficient_history
PEU.MU,no_data
MUV2.HA,good
SITO,no_data
0114.HK,good
VENN.L,no_data
SIMBHALS.NS,good
INDHOTEL.NS,good
LHA.DE,good
PDP.V,no_data
V3S.DE,no_data
PRH.V,good
ZYXI,good
NMM,good
NEPH,good
EFE.AX,good
IC8.DU,good
UBI.MI,no_data
WTP.AX,good
EXEO,insufficient_history
AKG.TO,no_data
TRM.V,no_data
AZTECACPO.MX,good
AAL.MX,insufficient_history
VVU.SG,good
YUM,good
ECR.V,good
ZAR.F,no_data
2493.TW,good
ELD.TO,good
WIN.F,no_data
QBR-B.TO,good
EMC.MI,no_data
MUM.DE,good
SOMANYCERA.NS,good
GGAN.MX,insufficient_history
XELB,insufficient_history
2850.TW,good
MAS.V,good
WETF,no_data
FVE,no_data
0130.HK,good
SOBA.F,good
BMW.SG,good
PRT.AX,no_data
SAC.F,no_data
AFRB.L,no_data
URBN,good
PVHO,no_data
ARCT.ST,good
WHLM,good
BWB.SG,good
CHGT,no_data
LWDB.L,good
CLNR.L,no_data
1503.TW,good
UPERGANGES.NS,no_data
SABE.PA,good
ISAT,no_data
PFE.BE,good
CSAB3.SA,no_data
CVO,no_data
ENP.V,no_data
BAJAJHLDNG.NS,good
CWRL,no_data
MTT.F,good
AAPC,no_data
LOK.L,no_data
HDD.MU,good
TDL.AX,no_data
1166.HK,good
ADI1.MU,good
VOW3.MU,good
FIBRAPL14.MX,insufficient_history
GAW.L,good
EFF.MU,good
STON.MX,insufficient_history
U11.SI,good
LXB.L,no_data
FIPP.PA,good
2018.HK,good
UZU.BE,good
JKX.L,no_data
EDE.AX,good
CEQP,no_data
VVAR3.SA,no_data
BOSS.SG,good
PEL.AX,good
EPWN.L,insufficient_history
DOMIK.AT,good
ESK.AX,insufficient_history
IGV.MI,good
SITI.MI,no_data
SHB.L,no_data
0381.HK,good
BOO.L,insufficient_history
PXS.L,good
ICIL.NS,good
AHG.AX,no_data
ESPR,insufficient_history
AMBOY,no_data
IVP.NS,good
1112.HK,insufficient_history
5JS.SI,good
4938.TW,good
HUO.AX,no_data
LONG.BA,good
AOMD.MU,good
MSU.MI,no_data
LBL.AX,good
RDU.V,good
NCU.TO,good
SVBI,no_data
WTXR,insufficient_history
WVFC,good
ALEMBICLTD.NS,good
MUKANDENGG.NS,good
KNM.AX,good
NOR.AX,good
CMC.HA,good
NTH.SG,good
BPE5.F,good
RLH,no_data
MGN.F,no_data
2520.TW,good
AMSF,good
SHARONBIO.NS,insufficient_history
PCI.V,no_data
MZM.AX,no_data
BEN.AX,good
TLP,no_data
DRW3.DU,good
PIONEEREMB.NS,good
COH.AX,good
ULGX,good
0997.HK,good
EDG.BE,good
TPN.BE,no_data
CEDO3.SA,good
NLN.TO,good
CE2.BE,no_data
AON.AX,good
HLF,good
ZAL.F,insufficient_history
CED.MI,good
EVEN3.SA,good
NOK,good
GMED,insufficient_history
EXSY.MI,no_data
MED.F,good
VTL.NS,good
GOOGL.MX,good
AFMD,insufficient_history
ARO.F,no_data
BRM.F,good
NELCO.NS,good
1818.HK,good
BWFG,insufficient_history
CFFI,good
SIE.SG,good
6MK.SG,good
PBR.V,no_data
PNL.AX,no_data
UFO.NS,insufficient_history
GMC.AX,no_data
EMA.TO,good
0055.HK,good
HIK.L,good
AIL.DU,good
HBC1.MU,good
GABA,good
0759.HK,good
ITI.NS,good
5AE.SI,good
EDN,good
JKS,insufficient_history
GFT.MU,good
BLCM,no_data
HEAR,insufficient_history
SXP.TO,good
HMX.AX,good
QYM.SG,good
SPM.DU,good
ALTRI.PA,good
RH.MX,insufficient_history
9935.TW,good
AXA.DU,good
JSLG3.SA,insufficient_history
SLT.F,no_data
MIG.AT,good
ZJS1.HA,insufficient_history
KSL.NS,good
ISCA,no_data
CCBC,good
CHZ.AX,no_data
MLL.DU,good
GPI,good
LTEC.F,no_data
EFII,no_data
NAVKARCORP.NS,insufficient_history
CPLE3.SA,good
AFHP.L,no_data
4DS.SG,good
LLO.AX,insufficient_history
CII.AX,no_data
GDEN,good
DENN,good
1048.HK,insufficient_history
2501.TW,good
CWY.AX,good
NAHARSPING.NS,good
CHUN.MX,no_data
VVV3.DE,good
2376.TW,good
PEGI,no_data
2601.HK,good
BPE5.BE,good
GPR.TO,no_data
ACIW,good
NFC.DE,good
DWNI.MU,good
BTQ.DU,good
RSPP,insufficient_history
FCT.MI,insufficient_history
RWE3.SG,no_data
GOLDENTOBC.NS,good
MJS.V,good
CIS.HA,good
EKTA-B.ST,good
8053.HK,good
TCL-A.TO,good
NRST.MI,good
ELN.BE,no_data
PBI,good
AEC1.HA,good
VT9.BE,no_data
2405.TW,good
MDXH.BR,no_data
IFC.TO,good
ZYLOG.NS,no_data
CTDH,no_data
GMM.DU,good
GZF.BE,good
USX1.BE,good
NJR,good
2488.TW,good
TWI,good
RDS.V,good
ARBB.L,good
ORA.TO,good
MFA,good
3IINFOTECH.NS,no_data
BDX,good
GES.CO,no_data
NSTG,insufficient_history
SHAK,insufficient_history
CPA.BE,good
HAB.HA,insufficient_history
VSC.BE,good
PAGP,insufficient_history
PBA,insufficient_history
CONCOR.NS,good
BMW3.SG,good
CATP34.SA,insufficient_history
WINA,good
TAYN.PA,good
LFUS,good
IPB.AX,insufficient_history
GALLANTT.NS,good
GBR.V,no_data
NTP,no_data
PFI.NZ,good
MTX.BE,good
HNL.MU,good
DNX.PA,no_data
CAJ.AX,no_data
TUO.V,good
GEOB.MX,good
AE.MI,no_data
MCB.L,good
DBAN.MU,good
MUM.F,good
PWO.MU,good
AKSO.OL,good
EBK.MU,good
MTIG4.SA,no_data
SZG.F,good
NXPI,insufficient_history
EM.MI,good
WUG.BE,good
5DS.SI,good
M1Z.SI,no_data
ENBN,good
SMD.V,good
CAMT,good
PGS.OL,good
WUG3.SG,good
AZM.V,good
PXT.TO,insufficient_history
RER.V,no_data
WFT.TO,no_data
IVTY,insufficient_history
8202.HK,no_data
TTR1.MU,good
AGRO3.SA,good
RCG.AX,no_data
AM3D.SG,no_data
OCL.AX,good
MLDYX.PA,insufficient_history
MLM.MI,no_data
NCAL,good
0064.HK,good
POC.DE,good
SUDARSCHEM.NS,good
AMO.AX,good
TATASPONGE.NS,no_data
WHIRLPOOL.NS,good
VIAV,good
ISR.SG,no_data
2788.HK,no_data
BMW.BE,good
HEI.F,good
3378.HK,no_data
TMT.L,insufficient_history
MIL.AX,no_data
CEA,no_data
HL.L,good
TTA.L,no_data
KOA.OL,good
PHOR.L,insufficient_history
VRDR,insufficient_history
TKO.TO,good
FRA.BE,good
PVR.NS,no_data
ITN.BE,good
KGL.AX,good
IC.CO,no_data
OVBC,good
0465.HK,good
NGE.AX,insufficient_history
ARCW,no_data
ALMDG.PA,good
VWS.DU,no_data
HQY,insufficient_history
BEP,good
TCEC,good
FINAMEXO.MX,insufficient_history
MTX,good
NESCO.NS,good
DEE.TO,no_data
VAR,no_data
S3F.MU,no_data
SYNDIBANK.NS,no_data
ICU.AX,insufficient_history
NDLS,insufficient_history
2321.TW,good
SSI.PA,no_data
ALWEB.PA,no_data
DHIL,good
RNGC,good
EGRX,insufficient_history
RIFS.L,insufficient_history
EDG.SG,good
LOR.MU,good
4I1.BE,good
SIX3.SG,good
BRGE11.SA,good
UIL.AX,insufficient_history
MONNETISPA.NS,no_data
DAR.MU,insufficient_history
SFO.DE,good
AKS,no_data
EVS.BR,good
AVAV,good
BLBD.L,good
INFINITE.NS,insufficient_history
PYPL.MX,insufficient_history
0522.HK,good
ASC.L,good
NBY,good
4930.TW,insufficient_history
PATSPINLTD.NS,no_data
SMHN.BE,good
CFOK,no_data
GBB.PA,no_data
EIN3.BE,no_data
ORPN,no_data
MCGN.L,no_data
VALEN.MX,good
TOKYOPLAST.NS,good
0002.HK,good
MZEI,no_data
3022.TW,good
ARS.AX,no_data
GUI.PA,good
BGN.MI,good
FGFH,good
BTHR,no_data
4DS.F,good
BEE.V,no_data
0160.HK,good
CMCS34.SA,insufficient_history
AGD.AX,good
2600.HK,good
VG8.SG,good
MHH,good
0225.HK,good
6MK.MU,good
ASML.AS,good
MKT.V,insufficient_history
INQ.TO,no_data
ADX,good
INDOSOLAR.NS,insufficient_history
MU4.BE,no_data
MMYT,insufficient_history
FII.PA,good
PHM7.F,good
EBR,good
CAP.AX,no_data
LOT.V,good
0388.HK,good
HCT.AX,good
S7MB.BE,good
CEN.PA,good
WFCO34.SA,insufficient_history
AUP.TO,no_data
JYC.AX,good
MZX.MU,good
BSE.L,no_data
ANO.DU,no_data
AFX.DE,good
OBH.SG,no_data
ECK.MU,good
HURC,good
PUM.MU,good
STND,no_data
NWBO,good
ARIS,insufficient_history
ACCELSAB.MX,good
DEF.V,insufficient_history
ADB.MI,insufficient_history
JNJ.SG,good
DWNI.F,good
BACHOCOB.MX,no_data
MLZAM.PA,good
AGFB.BR,good
CBRAIN.CO,good
VVV3.BE,good
0887.HK,good
SUPREMETEX.NS,no_data
ARA.AX,good
SIEB.MU,good
MRO-TEK.NS,good
MLDUR.PA,good
WUG.DE,good
POLYMED.NS,insufficient_history
LAF.PA,no_data
ECK.SG,good
OVAS,no_data
TPH,insufficient_history
LEO.F,no_data
CFNB,good
MYT.L,insufficient_history
INCR,insufficient_history
SRK.AX,good
2317.TW,good
SRT.DU,good
AOMD.L,insufficient_history
MFRISCOA-1.MX,insufficient_history
SPM.DE,no_data
MOTILALOFS.NS,good
NFL.NS,good
REPA.F,good
DVO.L,no_data
GEI.TO,insufficient_history
TRN,good
BMY.MX,good
UBNT,no_data
2409.TW,good
3034.TW,good
GAN.BE,good
COMP.AT,no_data
9105.TW,good
EXAE.AT,good
LLY,good
BLN.V,no_data
KOD.L,insufficient_history
HZO,good
MNDL3.SA,good
DBREALTY.NS,insufficient_history
BLDP,good
PEARLPOLY.NS,good
EMU.AX,insufficient_history
PIX.PA,no_data
BOXP34.SA,insufficient_history
C1V.SG,good
CSRH,no_data
IDNG,no_data
LO3.MU,good
QRRY,no_data
O5G.F,good
BEI.SG,good
ABZA.L,insufficient_history
0768.HK,good
0297.HK,good
RPGLIFE.NS,good
XXL.OL,insufficient_history
ZFGN,no_data
ALM.MC,good
SIR,insufficient_history
ZZ-B.ST,insufficient_history
KRN.TO,insufficient_history
BGFV,good
CDZI,good
ASCMA,no_data
RLIA.MC,good
AGN.MI,no_data
VAN.V,no_data
4I1.DE,good
WTFC,good
TMG.V,good
GPX.L,good
2313.HK,good
NEOT,no_data
AW9U.SI,good
D6H.SG,good
VGREF,insufficient_history
ORANW.AS,no_data
SY.V,good
E3B.SI,good
SFNC,good
KHAITANELE.NS,no_data
E5H.SI,good
HALO,good
TTK.MU,good
SPU.OL,no_data
MT,good
2030.TW,good
CYM.V,good
SUPREMEINF.NS,good
KRITON.AT,no_data
OHB.MU,good
ALIOX.PA,no_data
TANH,insufficient_history
RWE3.HA,no_data
BILI-A.ST,good
AZK.MC,good
APT,good
PREC.PA,no_data
ALENT.PA,good
CBK,no_data
CMIG4.SA,good
KONA,no_data
QF6.SI,no_data
UCW.AX,no_data
MXC,good
ABBV,insufficient_history
SK1A.MU,no_data
OXYS,insufficient_history
WSU.MU,good
OCN.V,no_data
RAW.AX,good
ITW,good
LBRG,insufficient_history
MTOR,no_data
MLN.MX,good
ENC.MC,good
TXSO,no_data
FBNK,no_data
TIET3.SA,no_data
DTEA.MU,good
HHFA.F,good
EVERESTIND.NS,good
RDY,good
HBP.TO,good
GTHP,insufficient_history
SIOE.BR,no_data
S9B.SI,insufficient_history
BNBR3.SA,good
IB.V,good
NC5A.BE,good
2015.TW,good
ANIM.MI,insufficient_history
1383.HK,good
0900.HK,good
NNP.V,no_data
1324.TW,good
LLEN,no_data
KPN.AS,good
AGT.TO,no_data
DXCM,good
MBQ.BE,good
STB,no_data
V6C.DE,good
VALE5.SA,good
RLHA.MX,insufficient_history
HONDAPOWER.NS,good
UNFI,good
FB,no_data
NKE.MX,insufficient_history
ECYT,insufficient_history
P4O.DE,good
K22.SI,no_data
SMSPHARMA.NS,good
FICO,good
BUKS,good
0026.HK,good
LINK.OL,insufficient_history
ANY,insufficient_history
AOF.F,good
A2A.MI,good
0468.HK,insufficient_history
3559.TW,no_data
ATTB34.SA,insufficient_history
PATK,good
AKSHOPTFBR.NS,good
PUM.DE,good
SNW.F,good
CGR.AX,insufficient_history
0991.HK,good
LAT.V,no_data
3377.HK,good
WHHT,no_data
LOOM-B.ST,no_data
DANHOS13.MX,insufficient_history
AOW.AX,no_data
NBN,good
MUSS,insufficient_history
1773.TW,good
SNM.V,good
I8R.SG,good
ALGT,good
SANGAMIND.NS,good
DA.MI,good
8039.TW,good
GECP.PA,no_data
GLF.AX,no_data
3RB.BE,good
CTMA.MU,no_data
CP.TO,good
NWBN,no_data
1882.HK,good
0992.HK,good
CREAL.MX,insufficient_history
MUR.L,no_data
MLT.AX,no_data
WIG1.DE,good
BIM.MI,no_data
BLT.L,no_data
BIEI,insufficient_history
MFST,no_data
MFC.PA,no_data
ANSALAPI.NS,good
RBC,good
YUII,good
MRO,no_data
AB.PA,insufficient_history
SVJ.F,no_data
NDSN,good
PXX.TO,good
SRT3.DU,good
CPB,good
GWR.TO,no_data
PFNX,no_data
0422.HK,good
ABB,no_data
NRBBEARING.NS,good
2466.TW,good
SHSH,no_data
MCH.F,no_data
NTE.V,insufficient_history
APSI,insufficient_history
1475.TW,good
TSUN.MX,no_data
EXCC,insufficient_history
BANARBEADS.NS,insufficient_history
ESL.NS,no_data
MIC.TO,no_data
POSADASA.MX,good
2356.HK,good
TOM.DE,insufficient_history
INVE-A.ST,good
G07.SI,good
SNMX,good
KGC,good
SEK.NZ,good
ITP.TO,no_data
BNET,good
ALPA3.SA,good
AMKR,good
TPN.DU,no_data
TATB.DE,insufficient_history
AST.AX,no_data
IPF.L,good
CYDSASAA.MX,good
IMTK.L,no_data
BFC.F,no_data
MAD.NZ,no_data
NXU.BE,good
TCW.TO,good
TGI,good
PCH,good
NAKAS.AT,good
SYM.DU,good
ERCA.DE,no_data
1838.HK,no_data
0218.HK,good
MED.MU,good
BANC,good
GXS.V,no_data
WLB,no_data
FSLR,good
NTRR,insufficient_history
KABRAEXTRU.NS,good
ELG.BE,good
CCOP,no_data
AP2.MU,good
CIS.F,good
MDI.AX,insufficient_history
MBB.SG,good
VMC.AX,good
OPGN,insufficient_history
ACCN.MX,insufficient_history
ENZY,no_data
2330.TW,good
BNG.BA,insufficient_history
COLB,good
LTM,insufficient_history
JEN.BE,good
RAINBOWPAP.NS,insufficient_history
POLY.L,no_data
TCI.V,no_data
AIL.HA,good
1031.HK,no_data
MLGAI.PA,good
TZN.AX,good
TYE.V,no_data
ROKR,no_data
FORD,good
ANO.DE,good
RTEC,no_data
SORL,no_data
VARDMNPOLY.NS,good
MLRAM.PA,no_data
BYD-UN.TO,no_data
MMM.DU,no_data
BIG.PA,no_data
BEAT,insufficient_history
1447.TW,good
8085.HK,no_data
AJL.AX,good
IDG.TO,no_data
1828.HK,no_data
EDI.PA,good
ACR.MU,good
R6C2.DE,insufficient_history
0888.HK,good
TTS,no_data
L1OA.DU,no_data
6277.TW,good
DIGN.ST,good
TNE.AX,good
EVD.DE,good
LUS.MU,no_data
ALI.V,no_data
BDSI,no_data
HRL,good
VTLN.BE,no_data
SCON,no_data
MAYURUNIQ.NS,insufficient_history
MMXM11.SA,insufficient_history
0184.HK,good
1323.TW,good
BAYA.SG,insufficient_history
MU4.DU,no_data
WFM.DU,no_data
PRCP,no_data
DIEG.BR,good
MOFG,good
GGAL.BA,good
DR.TO,good
SBAZ,no_data
SSTK,insufficient_history
RWE3.DE,no_data
MLEMG.PA,insufficient_history
DEX.F,good
BMA.BA,good
VOLV-B.ST,good
0450.HK,good
IGL.AX,insufficient_history
SBNC.F,no_data
OSH.AX,no_data
WBAI,no_data
HCL.SG,no_data
SND.F,no_data
COF,good
TBIRD.AS,no_data
PAK.AX,no_data
NAXS.ST,good
ABNK,no_data
OII,good
ANTO.L,good
BUD.V,no_data
SGP.L,no_data
SBI.AX,no_data
HONB34.SA,insufficient_history
NBB.L,good
HEAT,insufficient_history
DPSM,no_data
PRCO-B.ST,good
U.TO,no_data
I,no_data
LMG.MI,insufficient_history
HEN3.HA,good
TRB.L,good
ICPT,no_data
ENSG,good
ENI.HA,good
VSC.DE,no_data
ELBE.AT,good
PHIA.DE,no_data
FBSI,good
1423.TW,good
DAKT,good
5GI.SI,good
2434.TW,good
TEF.L,no_data
KSC.F,good
SPI.L,insufficient_history
DISL.BR,good
DALMIABHA.NS,insufficient_history
FUM.L,good
LR.MI,no_data
PPG,good
SSM.AX,good
BSELINFRA.NS,no_data
FLK.L,good
NL,good
PRLE,no_data
ANDHRSUGAR.NS,good
HAS,good
8205.HK,good
GCLA.BA,good
MSG,no_data
HHWW,no_data
FILA.MI,insufficient_history
CEREBRAINT.NS,insufficient_history
ISRL,insufficient_history
CEMI,no_data
SPKE,no_data
QPT.V,good
ISPN.MX,insufficient_history
EDEN.L,insufficient_history
1130.HK,good
MED.AX,good
KCO.F,good
AZN.L,good
AVGO,good
N7G.MU,no_data
ZIOP,no_data
0604.HK,good
MORN,good
GULFPETRO.NS,good
DWARKESH.NS,good
EVI,good
PVP.NS,good
AMID,insufficient_history
TQIR.SG,insufficient_history
2700.HK,good
CSX.HA,no_data
BLUECOAST.NS,good
UTW.L,no_data
ACCB.BR,good
IDAH,no_data
GBF.MU,good
U9R.SG,insufficient_history
APT.AX,no_data
DUFNN.MX,insufficient_history
SATS,good
OPC.DE,good
EGOV,no_data
EBF,good
ICNB,good
SXC,insufficient_history
MUB.SG,good
QUAD,insufficient_history
BBDN.MX,insufficient_history
GIL.BE,good
ELECTCAST.NS,good
MAD.V,no_data
SHRIRAMCIT.NS,no_data
BONG.ST,good
SSLN.MX,insufficient_history
1053.HK,good
NOAA.F,good
CLA-B.ST,good
SUM.NZ,insufficient_history
ITG,no_data
ABAN.NS,good
MCAR,no_data
IMSK.OL,good
NGT.OL,no_data
ACS.MC,good
1051.HK,good
CNTO,insufficient_history
TPFZ.L,insufficient_history
CACQ,no_data
CAJ,no_data
1532.TW,good
HATSUN.NS,insufficient_history
MINI,no_data
ESRX.MX,insufficient_history
TGS.OL,good
TECHNO.NS,no_data
CEON.MX,no_data
LCR.F,good
CMC.MU,good
JEN.SG,good
SEV.PA,no_data
GENI.ST,good
ASK.PA,no_data
JPEX,insufficient_history
5EG.SI,good
GFRD.L,good
PRECWIRE.NS,good
GUID,no_data
ADN1.BE,good
GAEL.NS,good
SIX2.DE,good
GBF.HA,good
NICCO.NS,good
FOH.DE,insufficient_history
VSC.F,good
GPH1.MX,good
CELG,no_data
0836.HK,good
DODS.L,no_data
PXS.AX,no_data
BC8.DU,good
COR,good
GIL.DU,good
SSUN.F,good
MOS.L,good
DGC.TO,no_data
MRM.AX,good
ANDA,no_data
FIVN,insufficient_history
GMD.AX,good
DXR,good
SHLX,no_data
1809.TW,good
IS8.F,no_data
MOC.AX,no_data
HAW.DU,good
RDI.TO,no_data
NAV,no_data
AMB.AX,no_data
CACC,good
ADO.AX,good
MUVB.DE,insufficient_history
LEJU,no_data
5EB.SI,good
PMA.V,good
SRE,good
ED4.DE,insufficient_history
LEI.SG,good
ORAP.PA,no_data
GS7.F,no_data
K1R.DU,no_data
NANO.OL,no_data
MBB.BE,good
CRHN.MX,no_data
CNF.PA,no_data
LBIX,no_data
GPR.AX,good
SPN.V,insufficient_history
AGRODUTCH.NS,good
2480.TW,good
BCN.V,good
DEZ.BE,good
EVOK,insufficient_history
IB8.AX,insufficient_history
PTC.NS,good
1072.HK,good
BIO.HA,good
DMGT.L,no_data
AHH,insufficient_history
CCC3.DE,good
DASA3.SA,good
TRAC-B.ST,good
ALMIC.PA,no_data
RSW.L,good
LOXO,no_data
TZOO,good
PDGR3.SA,good
WYNN,good
SCHL,good
SFA.AT,no_data
AKR.V,insufficient_history
VINATIORGA.NS,good
BSDK.BE,good
COSMOFILMS.NS,no_data
GLGI,good
SAP.F,good
IU2.F,good
HYQ.DU,good
MT.MI,no_data
ISH2.MU,no_data
WGB.L,no_data
URBI.MX,good
HILS.L,good
ORA,good
EBAY34.SA,insufficient_history
RESPONIND.NS,insufficient_history
MS7.SI,insufficient_history
SNYR,insufficient_history
NEWCAP.CO,good
SHV.AX,no_data
AEV.AX,good
N7G.F,no_data
BAS.F,good
INEP4.SA,good
5IE.SI,good
MUX.F,good
SPX.AX,good
VIPRO.CO,no_data
ZJS1.F,insufficient_history
RMG.L,no_data
OSN,no_data
KWE.L,no_data
LIXC3.SA,no_data
TXJK,no_data
VLX.L,good
HAGA4.SA,good
ELN.V,no_data
TTI.DE,no_data
JNJB34.SA,insufficient_history
CMH.L,no_data
DEX.DU,good
DOHL4.SA,good
SHEN,good
LUMAXAUTO.NS,good
BGIP4.SA,good
BBY.L,good
6176.TW,good
CIC.L,good
MXR.V,no_data
ENT.MI,insufficient_history
RIC,insufficient_history
BAS,no_data
ESNC,good
VX1.MU,good
CVCY,no_data
AXFO.ST,good
TKA.HA,good
PNE3.DE,good
1172.HK,good
THR.BR,no_data
SOW.BE,no_data
MPAD,good
SVT,good
CGS.L,good
GTQ1.DE,no_data
TAHO,no_data
MCR.V,no_data
0533.HK,good
F3A.BE,good
ABJ.SG,no_data
UL,good
ASL.AX,insufficient_history
RNY.BE,no_data
DNK.AX,good
INCY,good
ORIG,insufficient_history
DGI,no_data
AZZ.TO,no_data
CNMD,good
MAWANASUG.NS,good
GOKUL.NS,good
GLOG,no_data
GITANJALI.NS,good
SLF,good
SWJ.F,no_data
AQG.AX,no_data
BOE.L,no_data
ISD.AX,no_data
EBRO.MC,good
1991.HK,good
BKOR,insufficient_history
ENB.TO,good
GSC1.MU,good
MONTECARLO.NS,insufficient_history
CYBERTECH.NS,good
RIOA.DE,insufficient_history
BHP.F,good
CTLT,insufficient_history
INDBANK.NS,good
UBL.BE,no_data
DEZ.MU,good
FLIR,no_data
CLRI,good
OPPP.L,no_data
CMD.V,good
AGQ.L,no_data
NXM.AX,good
MHK,good
EV4.DU,no_data
KSB.F,good
PAYC,insufficient_history
ADANITRANS.NS,no_data
CSC.V,no_data
2311.TW,no_data
QSC.DE,no_data
AGRO.L,insufficient_history
OEX.AX,no_data
COUNCODOS.NS,good
E8X.SG,good
CXO.V,no_data
1725.TW,good
SUS.L,good
NATHBIOGEN.NS,insufficient_history
CCC3.BE,good
SHIVAMAUTO.NS,good
ELB.F,insufficient_history
UKR.L,good
MAN.PA,no_data
JFEN3.SA,good
RRL.V,no_data
CASI,good
SMN.AX,good
AXA.MI,no_data
VIKASECO.NS,insufficient_history
QSC.BE,no_data
WALMEX.MX,good
CYRN,no_data
EUROMULTI.NS,good
PZS.SG,good
MIRZAINT.NS,good
FMEA.MU,good
BAFARB.MX,good
FB.MX,no_data
2383.HK,good
SWA.DU,good
AVRN,no_data
CHH,good
GLYC,insufficient_history
SAIA,good
CSGS,good
CDP.AX,good
MDN.MU,good
MDO.F,good
RDS-B,no_data
AMAR3.SA,good
BRC.AX,no_data
TRICOM.NS,good
BIS.AX,good
WHR.MX,insufficient_history
CDR.MI,no_data
3605.TW,good
MNZS.L,no_data
ITRI,good
AGEN,good
DIC.MU,no_data
GBLB.BR,good
BMY,good
CVT.NZ,good
BAT.V,insufficient_history
MCHX,good
RNR,good
QTM.AX,no_data
RPPINFRA.NS,insufficient_history
GPNE,no_data
0104.HK,good
CNP,good
KGF.L,good
PG.BA,good
DGO.AX,no_data
VRA,insufficient_history
2354.TW,good
D13.AX,insufficient_history
PCO,no_data
DVN,good
INFI,no_data
ORIA.PA,good
CB,good
INSD.PA,no_data
USE.MU,no_data
RCO.AX,no_data
TCSA3.SA,good
RITT,good
CWX.TO,no_data
AKO-A,good
GTR.AX,good
MPCK.MU,good
0392.HK,good
3038.TW,good
VSAT,good
8211.HK,good
SJR-B.TO,no_data
VKA.AX,insufficient_history
MO,good
MEI.AX,good
G1A.MU,good
VT9.DU,no_data
SCD.CO,no_data
GBT,no_data
PGNX,no_data
CLA.AX,good
ROM.OL,good
RNY.DE,no_data
RUL.AX,good
PLI.TO,no_data
SLVH,no_data
BCLN.SG,good
PRG.DE,insufficient_history
NSP.V,no_data
MELE.BR,good
GIN.SG,no_data
PSG.MC,good
CYNK,no_data
GLOP,no_data
BILN.L,good
TLX.MU,insufficient_history
QUB.AX,good
1062.HK,good
FDX.DU,good
ALM.PA,no_data
3356.TW,good
EBG.AX,good
W,insufficient_history
KHANDSE.NS,good
FNT.AX,no_data
WDP.DU,good
8109.HK,no_data
6117.TW,good
CSFL,no_data
UTMR,no_data
STAN.MX,no_data
TPW.AX,insufficient_history
CFX.TO,good
HMNF,no_data
AB1.HA,no_data
ACU,good
TENX,good
MLIN.L,no_data
OHLN.MX,insufficient_history
HVT.L,good
INNA.SG,insufficient_history
SHLM,good
PRTY,no_data
SPPI,no_data
LLD.HA,good
TRI.TO,good
3933.HK,good
MKA.V,insufficient_history
NITINFIRE.NS,good
APGA,no_data
U96.SI,good
ALMGI.PA,good
DISH.MX,no_data
ISFT.NS,insufficient_history
0738.HK,good
BELE.ST,no_data
SIS.TO,good
93M.DU,no_data
ZX,no_data
TTI,good
GWI1.SG,no_data
KFE.AX,no_data
SNHY,no_data
AHCG.L,insufficient_history
GERN,good
KAS.V,no_data
KMX,good
PHI.AX,no_data
EXEL,good
SGMA,good
SLCE3.SA,good
ER.TO,no_data
ZCL.TO,no_data
BIG,no_data
0329.HK,good
TWTR,no_data
NERV,insufficient_history
CTD.AX,insufficient_history
COK.BE,good
SUL1.BE,no_data
GAMA.L,insufficient_history
JPASSOCIAT.NS,good
K3DD.SI,no_data
PKT.V,good
ENMT3.SA,good
CCK,good
SRZ.AX,good
SAPR3.SA,good
BCO.HA,good
FMBI,no_data
ZMDC,no_data
EVZ.AX,good
3337.HK,good
MGG.V,insufficient_history
PPK.V,no_data
AGJ.AX,no_data
TMO.MX,insufficient_history
LPDC.NS,good
EVT.AX,good
CTAX3.SA,no_data
GNC.L,good
VOW4.SG,insufficient_history
ENA.V,good
FZR.AX,good
3311.HK,good
1000.HK,good
SUM,insufficient_history
URE.TO,good
0408.HK,good
MGM.MX,good
0332.HK,good
RELIGARE.NS,good
0592.HK,good
SRGZ,good
TV.TO,no_data
IBM.DE,good
WISE.ST,good
TV,good
BFC.AX,insufficient_history
BLVD,no_data
UHS,good
EW,good
PAR,good
BSLI4.SA,insufficient_history
PTD.L,no_data
1735.TW,good
PETR.BA,insufficient_history
SUL1.DE,no_data
MHO,good
RHM.DE,good
EQE.AX,good
PRGS,good
ERCA.MU,good
YCP.F,good
PHX.TO,good
DCC.L,good
TIPT,insufficient_history
TSE1.MU,no_data
3419.TW,good
NWE.V,no_data
NGLB.DE,good
CL8.AX,good
DM0.SI,good
PTBS,good
CHP.AX,no_data
PFLC,good
2337.TW,good
SGZ.L,no_data
NTH.MU,good
ANEK.AT,no_data
ALV.DU,good
INKAT.AT,good
PASAL.AT,no_data
CMB.MI,good
8028.HK,good
HBM.MU,no_data
EFF.SG,good
SIX2.F,good
ZNC.AX,good
SMFG,good
OXIG.L,good
LOM.BE,good
AUTOIND.NS,good
ORC.DU,good
R6C1.F,no_data
ATD-A.TO,no_data
MLNOV.PA,good
SINX,good
PSZ.AX,no_data
1230.HK,no_data
2318.HK,good
FRC.MX,insufficient_history
AB-H.V,good
JLP.L,good
0544.HK,good
SSL.AX,good
BMW.HA,good
LNGB,no_data
MTX.DE,good
ABY,no_data
0QE2.L,no_data
JHS.NS,good
FOE,no_data
PC6.DE,good
HZM.TO,no_data
KNIA.MU,good
WKL.AS,good
SKI.OL,no_data
CAFD,insufficient_history
NUTEK.NS,good
NCC.L,good
TIS.MI,no_data
0QP5.L,no_data
CNIG,no_data
STA.AX,good
OS3.DE,no_data
CECO,good
KYLO.AT,good
ZO1.MU,no_data
STNG,insufficient_history
ALHIT.PA,good
HDD.DE,good
EMG.L,good
JUVF,good
INFA.L,no_data
OHB.BE,good
EXAS,good
ITM.MI,good
1205.HK,good
CPSI,no_data
CPE,no_data
FCMC.PA,good
TIFF34.SA,no_data
OMNITECH.NS,good
PPA.DE,no_data
1886.HK,good
CAV.NZ,no_data
2402.TW,good
U10.SI,good
RKET.HA,no_data
SPB,good
HRH.V,no_data
DAI.F,no_data
DMC.AX,good
M3B.SG,no_data
SRDX,good
RYE.V,good
TCNO3.SA,no_data
OJM.MI,no_data
VT9.MU,no_data
POL.L,no_data
PFS.NS,insufficient_history
AHP,no_data
H9W.DE,good
0630.HK,good
TEG.SG,good
COM.BE,no_data
SRI.V,good
ILU.F,good
PSM.BE,insufficient_history
GIII,good
PUB.PA,good
DLAR.L,good
MWX.V,no_data
EDR.L,no_data
ORC.HA,insufficient_history
BSU.SG,good
PPP.V,insufficient_history
PGEC,no_data
CIS.BE,good
B8A.DE,no_data
EUO.V,no_data
ETX.L,no_data
ESTER.NS,insufficient_history
NSCI.L,no_data
IBM.DU,good
EFX.TO,insufficient_history
BBLS,no_data
BRT,good
SFR.AX,good
ESI.AX,no_data
STJ.L,good
VRY.V,insufficient_history
ANSS,good
ANN.AX,good
GHH.L,good
CEA.DU,good
FTI.V,insufficient_history
ACUS,good
RRC,good
MQR.V,no_data
SMLR,insufficient_history
MMB.PA,good
CWK.L,good
DIG.AX,good
1611.TW,good
FCAN.MX,insufficient_history
GSR.L,insufficient_history
KSC.SG,good
RPD,insufficient_history
MONC.PA,no_data
OPTRON.AT,insufficient_history
SCL.DE,no_data
GCI,insufficient_history
KROT3.SA,no_data
8153.HK,good
NLNK,no_data
MDN.BE,good
UUU.DE,good
PLS.TO,no_data
912398.TW,no_data
MSBR34.SA,insufficient_history
UVN.V,no_data
SNW.SG,good
EX9.SG,good
SOFR.PA,no_data
AAJ.SI,good
TWMC,no_data
EVK.HA,insufficient_history
QUA.PA,no_data
MAH.AX,good
BRID,good
MSCC,good
SBMO.AS,good
IAG.L,good
VIT-B.ST,good
QS5.F,no_data
AKTX,insufficient_history
ZIP.AX,good
BINV.ST,good
IIFL.NS,good
IDOX.L,good
THO,good
HPI.AX,insufficient_history
CMG.MX,insufficient_history
GUJNRECOKE.NS,no_data
BTM-H.V,no_data
UBM.L,insufficient_history
REN.MC,good
CPA.DE,good
SAAB-B.ST,good
1122.HK,good
UCM.AX,good
V6C.MU,good
HEB,no_data
DGJI,no_data
LPA.L,good
PWON,no_data
HOV,good
0480.HK,good
ZENO,no_data
0385.HK,good
L1OA.F,no_data
AGUA.MX,insufficient_history
NESR.HA,insufficient_history
O1BC.DU,no_data
ERO1.DU,good
AAAK.AT,good
SYR.AX,good
BRB.TO,no_data
0138.HK,good
YELP,insufficient_history
BLUECHIP.NS,good
CDU.AX,good
OCIP,insufficient_history
HVN.L,insufficient_history
0471.HK,good
LSPP.BE,no_data
DONEAR.NS,good
P4O.F,good
TLK,good
DRYS,no_data
3366.HK,good
0092.HK,good
FDX.BE,good
PGZ.V,insufficient_history
EXK,good
VT9.F,no_data
CCXI,no_data
BML.V,no_data
AXIM,insufficient_history
TNET,insufficient_history
1455.TW,good
WENDT.NS,good
CWN.V,no_data
MOX.V,good
J37.SI,no_data
IMP.TO,good
SMHN.SG,good
FRBA,insufficient_history
GROW,good
IVO.AX,no_data
CATB,no_data
TEN.V,no_data
CICN,good
8080.HK,good
M5Z.MU,good
GRIO.L,insufficient_history
GTK.DE,insufficient_history
EFX,good
EXSR,good
V,good
A75.SI,good
MBCQ,no_data
GULPOLY.NS,insufficient_history
BARC.L,good
IDNT3.SA,no_data
CHOLAFIN.NS,good
GBX.AX,no_data
0JN9N.MX,insufficient_history
CCC3.HA,good
DLTR,good
RJDG,insufficient_history
ADG.V,no_data
BWJ.BE,good
URG,good
RPM.V,good
O9E.SI,insufficient_history
RAVN,no_data
AM3D.F,no_data
RNW.TO,no_data
MMTC,good
0149.HK,good
AIX.V,no_data
PFV.BE,good
PCR.V,no_data
AMD.MU,good
GEN.TO,no_data
SODI,good
DRG.L,insufficient_history
PTR.L,no_data
HLDX.ST,no_data
MSF.BE,good
ATLANTA.NS,no_data
0708.HK,good
CAPC.L,no_data
ADGL,insufficient_history
SPD.L,no_data
1090.HK,insufficient_history
ECASA.PA,no_data
ABTT34.SA,insufficient_history
UI.V,insufficient_history
GARDENSILK.NS,no_data
OPN.PA,no_data
ELTRK.AT,no_data
NTAP,good
LFX.TO,no_data
EVTA.DE,no_data
ERM.AX,good
PME.AX,good
ARE,good
8356.HK,insufficient_history
JAX.V,good
BKGN.MX,no_data
OMNT,no_data
TA.TO,good
SYN.V,insufficient_history
RLGT,good
AJY.AX,insufficient_history
PERR.PA,good
ENRO.ST,good
CWV.V,good
BCO.DU,good
EBA.DU,good
0959.HK,good
HEX.OL,good
ABBB,good
TRNS,good
BIMBOA.MX,good
ASBPB.NZ,no_data
P1Z.DE,no_data
ROIC,good
DLF.NS,good
SHOO,good
1888.HK,good
ACKB.BR,good
WMT.DE,good
ORN,good
ASYS,good
AMSE,insufficient_history
ARV.NZ,no_data
DW.TO,no_data
DB1N.MX,insufficient_history
RRL.AX,good
APE.DE,no_data
GTG.AX,good
CNAB,no_data
SAT.V,good
AMN.AX,good
KELYA,good
3673.TW,insufficient_history
RBX.V,good
EHSK,no_data
ADSK.MX,insufficient_history
WMT.BA,good
SRES.L,good
BLY.AX,no_data
EXP,good
DUL.SG,good
CDNA,insufficient_history
LSI.V,no_data
PSA.AX,no_data
PJC,no_data
RX.V,good
CJR-B.TO,good
OHB.DE,good
CORDSCABLE.NS,good
G08.SI,no_data
OPTI.BR,good
SREEL.NS,insufficient_history
TRK.L,good
KMPR,good
PRS.MC,good
SGPS3.SA,good
1142.HK,good
MLSTR.PA,good
TIMESGTY.NS,good
AVAX.AT,good
1514.TW,good
INSECTICID.NS,good
DEL,good
MACE,no_data
SALM,good
DWSN,good
0047.HK,no_data
0826.HK,good
UD1U.SI,insufficient_history
AXAS,no_data
0112.HK,no_data
FNGN,no_data
LISPN.MX,insufficient_history
CAP.BE,no_data
MED.PA,no_data
AMC,insufficient_history
1582.TW,good
IGP.V,good
HBI,good
RTN1.F,no_data
5FX.SI,good
AMBR.L,good
CWB.TO,good
TGT,good
ALALO.PA,good
PPA.SG,no_data
ORTEL.NS,insufficient_history
MMX.V,no_data
0195.HK,good
I11.SI,good
8009.HK,no_data
MO.MX,good
NC5A.F,good
FULO,good
WFM.DE,no_data
BIIB.MX,insufficient_history
NXU.MU,good
XRAY,good
3704.TW,good
0877.HK,no_data
GSKCONS.NS,no_data
BGH.AX,no_data
ELAN-B.ST,good
AOT.V,no_data
MOL.MI,good
NGLB.F,good
SQSBFSI.NS,no_data
SML.NZ,insufficient_history
TMP.AX,no_data
RTG.AX,insufficient_history
0237.HK,good
HPQ,good
KANORICHEM.NS,good
ERMK.DE,no_data
AEP.L,good
BFW.NZ,no_data
VIP.L,good
RAA.BE,good
595.SI,good
ATNM,insufficient_history
EIFF.PA,good
OHB.SG,good
1881.HK,good
SULA.L,no_data
DCBBANK.NS,good
AAP.AX,good
SOFTTECHGR.NS,good
BDBR.MI,no_data
ELRN,no_data
PLAIS.AT,no_data
STVI,no_data
L46.SI,no_data
TIN.MX,good
BNT1.F,no_data
ILA.V,no_data
GREW,no_data
M4I.F,good
BWNG.L,good
RCENTROA.MX,good
MBK.SG,good
SEIC,good
IFAM,no_data
AL,insufficient_history
AMP.NZ,no_data
CPSH,good
DISCA,no_data
LOGISMOS.AT,good
GFAN.MX,no_data
BAJAJELEC.NS,good
KRN.SG,good
PLPM,no_data
CNWHF,good
NCB.DE,good
0449.HK,no_data
DCH1.HA,no_data
MINDACORP.NS,insufficient_history
0975.HK,insufficient_history
DE,good
PIQ.AX,insufficient_history
TATB.SG,good
KAUSHALYA.NS,good
ACWN.F,good
OTOEL.AT,good
SPY.NZ,good
FNTN.MU,good
1060.HK,good
S44.SI,good
HYU.HA,insufficient_history
BBD-A.TO,good
PRPH,good
MC,insufficient_history
1055.HK,good
AP2.BE,good
SHO,good
NAKODA.NS,insufficient_history
DGB.L,no_data
SIFI,insufficient_history
BANSWRAS.NS,good
MLVER.PA,good
SVS.L,good
SYI.V,no_data
DIE.SG,good
DHX,good
PZZA,good
MANH,good
H30.SI,good
GRI.V,good
3983.HK,good
TRE.MC,good
NEA.MC,good
545.SI,no_data
ZODIACLOTH.NS,good
CGI,no_data
AZA.ST,good
SAP.MI,no_data
CSCO.MX,good
SPK.V,no_data
FVRG,no_data
ACR.DE,good
AGS.BR,good
SNX,good
TVPT,insufficient_history
IS7.BE,good
NAGREEKEXP.NS,good
JPMC34.SA,insufficient_history
CTM.AX,good
BSX,good
MODLF,no_data
F03.SI,good
BAY.MI,no_data
DVA,good
ELG.DU,good
EX.AT,insufficient_history
PBF,insufficient_history
ORTI-A.ST,good
BOAC34.SA,insufficient_history
IDEA,good
EPD.AX,no_data
TFCILTD.NS,good
SKJE.CO,good
WMT.F,good
0HZC.L,good
UNT,no_data
ADX.AX,good
B7E.SG,good
RYA.L,no_data
ERM.L,no_data
BWO.L,no_data
Q0F.SI,insufficient_history
OPT.AX,good
AXE.AX,good
BIO.DU,good
TTR1.DU,good
ZFIN.MU,good
IGBR3.SA,no_data
AM3D.HA,no_data
ADK.V,good
TND.AX,no_data
MMI.AX,good
GOOD.L,insufficient_history
5OQ.SI,good
EXAD,insufficient_history
SBO.OL,insufficient_history
XOXO,good
EOAA.F,good
BOY.MU,good
D6H.DE,good
OCP.AX,no_data
TPN.F,no_data
TKU.V,insufficient_history
CEPS.L,good
JNJ.DU,good
CHAMBLFERT.NS,good
OIM.BR,no_data
0495.HK,good
CRVW,good
SPT.L,good
SGE.V,good
AGM.V,good
ACT.F,good
LOGM,no_data
GAN.F,good
GRC.V,no_data
FKWL,good
OVH.AX,no_data
BOSC,good
SFO.MU,no_data
BARTRONICS.NS,no_data
CWW.MU,good
CMCL.L,good
RAIREKMOH.NS,no_data
FIX.V,no_data
LEDE.BA,good
MSPA3.SA,good
CPA.SG,good
ENL.SG,good
0660.HK,good
CIEAN.MX,insufficient_history
1823.HK,good
SKYS,no_data
ZAL.DU,insufficient_history
TLX.F,insufficient_history
ND8U.SI,no_data
S7MB.SG,good
OPG.L,good
XRX,good
CLVSF,insufficient_history
INFO,insufficient_history
3300.HK,good
EZTC3.SA,good
CAS.AX,no_data
2778.HK,good
NYLD,no_data
WCP.TO,good
JNJ.BA,good
BWB.F,good
PA8.F,insufficient_history
EBM.V,insufficient_history
GRF.MC,good
UAL,good
BAUH4.SA,good
FDA.MI,good
2615.TW,good
1734.TW,good
LI.PA,good
DRV.L,no_data
HNR1.DU,good
ARCB,good
RME.TO,no_data
TTI.DU,no_data
ESCA,good
MOS,good
AUB.AX,good
PGSC,no_data
Y35.SI,good
ZAYO,no_data
VOW.DE,good
CAS.PA,no_data
9945.TW,good
INTC.MX,good
UPAB.BE,good
BLEE.PA,good
BXP.L,good
CTKA4.SA,good
SSO.OL,no_data
RPR.V,insufficient_history
STE,good
RNL.HA,good
WSCO,no_data
TS-B.TO,no_data
SOND3.SA,good
OOO.V,no_data
SFEF,no_data
ABAX,good
NBL,no_data
LBRN34.SA,no_data
MNOD.L,no_data
CN.V,good
FMFG,good
1600.HK,insufficient_history
FC,good
1192.HK,no_data
HOM.AX,no_data
9941.TW,good
JSWHL.NS,good
VBK.DU,good
1618.HK,good
UTX,no_data
MEU.AX,good
DUL.MU,good
JUBLFOOD.NS,insufficient_history
NVD.F,good
SBR.AX,good
CAF.V,good
CALA,insufficient_history
HSD.L,good
CALM,good
IRC.MI,good
DFS,good
PHM7.BE,good
CEBR5.SA,good
S3F.BE,no_data
NZZ.V,no_data
2300.HK,no_data
0P6S.L,good
MCD,good
OGSA3.SA,no_data
FNAC.PA,insufficient_history
MC0.SI,no_data
GFY.AX,insufficient_history
8130.HK,good
GS7.DU,no_data
ASSAMCO.NS,no_data
MFC,good
LLC.AX,good
BBL.AX,good
MIC,no_data
0347.HK,good
STAR.NS,good
CDW,insufficient_history
DJSP,good
KOTHARIPET.NS,good
AXLX,insufficient_history
DTEA.DE,no_data
PNE.TO,good
GGL.V,insufficient_history
BHARATWIRE.NS,insufficient_history
UHR.SG,good
LSCG,good
GI.V,insufficient_history
SOI.V,good
EV4.F,no_data
SSL.TO,good
AMGN34.SA,insufficient_history
ECPR3.SA,good
AUSS.OL,good
XONA.HA,good
1063.HK,good
SVY.AX,insufficient_history
3533.TW,good
ALM.L,no_data
PPG.MX,insufficient_history
GZT,no_data
ST5.BE,good
SPIC.NS,good
KWS.F,good
TCS,no_data
C33.SI,good
GLMD,insufficient_history
KWBT,no_data
VHI,good
EFF.DU,good
METR.BA,good
CIS.DU,good
PCLN.MX,good
IRO.V,insufficient_history
SWKH,good
PAYM,no_data
DPLO,no_data
TRIN.L,no_data
SAN.NZ,good
LHB.AX,no_data
OBEROIRLTY.NS,insufficient_history
9928.TW,good
KORDE.AT,good
LAKPRE.NS,good
SYM.F,good
0271.HK,good
BOY.BE,good
GULD,no_data
LTEC.SG,no_data
TNE5.MU,good
BRM.DE,good
MEO3.SG,no_data
UTC1.DU,no_data
ODY.AX,good
MLL.DE,good
CERAMICD.MX,good
JLT.ST,good
CU.TO,good
TI,no_data
DALR.L,insufficient_history
ELUX-A.ST,good
MAK.MU,good
FNB,good
SVOL-B.ST,good
575.SI,good
0838.HK,good
IMUC,insufficient_history
MEND5.SA,no_data
OLV.AX,no_data
Q01.SI,good
COALINDIA.NS,insufficient_history
MLFCI.PA,good
BEES,no_data
BTQ.MU,good
REC.BR,no_data
PCYO,good
CLS.TO,good
BMW3.MU,good
POCHTECB.MX,good
VIP.AX,good
AFS.L,no_data
ELN.ST,good
AKRIT.AT,good
REXR,insufficient_history
KBH,good
ELR.TO,good
DPW.F,no_data
ACWN.MU,good
S,insufficient_history
ORIENTALTL.NS,good
GRM.DE,good
MVLY,good
ZBH,good
MLFT3.SA,no_data
G5EN.ST,good
BCY.SG,good
DHR.V,insufficient_history
CTMA.DE,no_data
NRS.OL,no_data
CRM.MX,insufficient_history
PATI3.SA,good
ORCL.BA,good
ASSA-B.ST,good
MIGA.BE,good
FRP.L,insufficient_history
RAND,good
RIOA.BE,good
WL6.BE,no_data
KITE,no_data
NEXTMEDIA.NS,good
GES,good
KTIL.NS,no_data
SKB.BE,good
H18.SI,good
KBC.BE,no_data
CPI.TO,no_data
BYTE.AT,no_data
WDI.BE,no_data
WRK,no_data
ARL.DE,no_data
TXMD,good
SFE.L,no_data
A6T.DE,good
NAUKRI.NS,good
UMBF,good
586.SI,no_data
6206.TW,good
0840.HK,good
FOSECOIND.NS,good
UGPN.MX,insufficient_history
ACLS,good
WEG1.BE,no_data
2868.HK,no_data
NTG.BE,good
ELPN.MX,no_data
FIND,no_data
ADMS,no_data
PRBC4.SA,no_data
LEG.HA,insufficient_history
MDWD,insufficient_history
ORIENTABRA.NS,no_data
TECHNOFAB.NS,insufficient_history
PUBC,insufficient_history
HBM.F,no_data
TEV.F,good
L1OA.BE,no_data
CIN.L,no_data
PBFX,no_data
ARIHANT.NS,no_data
RE.PA,no_data
VMRI,insufficient_history
SAC.BE,no_data
SEA.TO,good
LPL,good
D03.SI,good
H5E.DE,good
RIN.PA,no_data
CHAR.L,good
GGP,no_data
NFC.HA,insufficient_history
2429.TW,good
HKBT,good
GG,no_data
BKS,no_data
DEMG.L,good
BIRLAMONEY.NS,good
ARB.AX,good
FBT.L,insufficient_history
NGL,insufficient_history
OPW.V,insufficient_history
LNF.TO,good
GS,good
ABL.DE,good
OCRX,no_data
CTSA4.SA,good
HBCP,good
F99.SI,good
PIL.AX,good
CKR.V,no_data
E8Z.SI,no_data
HD.BA,good
SUNFLAG.NS,good
NCMI,good
3318.HK,good
SGO.PA,good
PVR.L,no_data
0825.HK,good
SBS.CO,good
0248.HK,good
DGM.PA,no_data
WHN.V,insufficient_history
DEZ.DU,good
5NK.SI,no_data
NURO,good
BOY.L,good
MCM-A.V,good
MLCOU.PA,good
BGD.V,insufficient_history
2492.TW,good
INDB,good
MBE.AX,no_data
ABDP.L,insufficient_history
ZIL2.SG,good
ALCO,good
HYUDN.MX,insufficient_history
DLTZ,no_data
BOL.PA,good
CIE.AX,no_data
LTRX,good
GASS,good
MHM.L,no_data
RO5K.DE,no_data
ATTO,no_data
OMEX,good
NEO.PA,no_data
ITX.MC,good
TIF.MX,no_data
CC,insufficient_history
CLD,no_data
B5A.DE,no_data
SIV.AX,good
SAL,no_data
GC.TO,no_data
8256.HK,no_data
EUROC.AT,good
ADK,insufficient_history
PUNJLLOYD.NS,good
ENUR.DU,good
CNCG,no_data
6197.TW,good
0725.HK,good
UHR.MU,good
YEWB,no_data
BNP.SG,good
BY6A.DE,insufficient_history
DFM.AX,no_data
TEG.MU,good
CRPG6.SA,good
MLCIO.PA,no_data
CAKE.L,insufficient_history
BSBR,good
ETEC,insufficient_history
TXT.MX,good
SRT3.SG,good
FFNM,good
BRM.MU,good
ORES.ST,good
ECK.DU,good
GNE.PA,no_data
ISV.TO,no_data
CXENSE.OL,no_data
CASS.MI,no_data
QSII,no_data
GQM.TO,no_data
PPS.L,good
WTER,insufficient_history
ABJA.BE,good
ALTHE.PA,insufficient_history
ICD,no_data
BOFI,no_data
8003.HK,good
MBK.DE,good
STM.MI,no_data
LXS.BE,good
LEI.DU,good
ASTRAL.NS,good
AUMN,good
POC.DU,no_data
CLE.MI,good
DSFN,no_data
0033.HK,good
HEI.HA,good
2305.TW,good
HLG.DU,no_data
BZYR,good
PTI,no_data
NIMU,good
0897.HK,good
BRC,good
5BS.SI,good
JPM,good
GAMB.MI,insufficient_history
VED.L,good
U9R.DE,no_data
TRIS3.SA,good
BOA.AX,insufficient_history
BAYK,no_data
OPC.MU,good
RDC,no_data
BMRC,good
PAEL.NS,no_data
M5Z.DU,good
SUPERSPIN.NS,good
G6P.SG,no_data
LPX,good
SBOK.ST,insufficient_history
NGLB.HA,insufficient_history
SEE,good
3090.TW,good
8325.HK,good
8273.HK,good
SRGG,no_data
WUG3.F,good
RHC.AX,good
GSC1.HA,good
ZIL2.HA,good
HEN3.DU,good
VTL,no_data
QS9.SI,good
CASTROLIND.NS,good
CRPG5.SA,good
AXS.AS,good
CWCO,good
RVA.AX,no_data
AGE.BE,good
PAH3.MU,good
CTHR,good
SGGD.L,no_data
XLNX.MX,no_data
O39.SI,good
BKI.AX,good
DRAD,no_data
CPRX,good
CNI,good
GFT.HA,insufficient_history
HOMEX.MX,good
GLW.BE,good
MBTF,no_data
FTR,no_data
SCE.BE,good
GWMO.L,insufficient_history
PEYE,no_data
MDFI,no_data
FOGO,insufficient_history
MMM.DE,good
MEL.L,no_data
EOANN.MX,insufficient_history
ALGN,good
POWERGRID.NS,good
CAN.MX,insufficient_history
GTQ1.F,no_data
QI.V,no_data
MTX.MU,good
BLA.AX,no_data
ODL.OL,insufficient_history
EVBN,good
GALA.MI,insufficient_history
OIS,good
VESUVIUS.NS,good
ELN.DU,no_data
ALANKIT.NS,insufficient_history
CT.V,no_data
TS,good
OUTA.DU,good
NOT.DE,no_data
CONE,no_data
HEIDELBERG.NS,good
MSPL.NS,good
AHGP,good
KUBTF,insufficient_history
CAML.L,good
WAC.BE,good
5OC.SI,good
RBL.NS,good
APD,good
JUN3.DU,good
MLIDS.PA,good
NZO.NZ,no_data
KA8.BE,good
BC8.HA,good
DANSKE.CO,good
JXR.PA,no_data
0626.HK,good
CM,good
SORIANAB.MX,good
BGE.V,insufficient_history
BORG.ST,good
532.SI,good
ON.MI,no_data
EPIL.AT,good
UQM,no_data
NETWORK18.NS,good
ADPN.MX,insufficient_history
PIG.PA,good
CON.DU,good
FUTU,insufficient_history
SUR.DU,good
VAC.MU,no_data
YAK.V,insufficient_history
REG.AX,insufficient_history
SBS.HA,insufficient_history
SEVDR.OL,insufficient_history
HWY.V,good
SVEG.OL,good
MTH,no_data
SBI.TO,insufficient_history
PNCINFRA.NS,insufficient_history
WDFC,good
BILENERGY.NS,insufficient_history
CHOO.L,no_data
TSS,no_data
CBOE,insufficient_history
PAY.L,good
VIVIDHA.NS,insufficient_history
1704.TW,good
QEGY,no_data
KRE.CO,good
LENS,no_data
SUN.MX,insufficient_history
1288.HK,insufficient_history
BRKS,no_data
BAX,good
MOR.HA,no_data
SLI.NZ,insufficient_history
SNGX,good
GNW.MX,good
NCBS,no_data
PCLB,good
BFR,no_data
RTO.L,good
OPNT,no_data
ALMOU.PA,insufficient_history
ADQU.SI,no_data
NAO,no_data
MZX.F,good
BSN.SG,good
8076.HK,good
M3V.BE,good
ITN.DE,good
SRE.MX,insufficient_history
POLR.L,good
ISGI,insufficient_history
PRES.L,good
CBKD.L,good
BYFC,good
HDD.L,good
ESP.L,insufficient_history
HSV.L,no_data
CRH.L,good
EML,good
CTM.SG,no_data
KSU,no_data
TCX,good
MTSC,no_data
KBC.MU,no_data
BIO3.F,good
KRS.AX,no_data
GME.BE,good
DAR.BE,insufficient_history
AHN.AX,good
CVLA.SG,no_data
ESTC3.SA,no_data
0610.HK,good
FNTN.DU,good
PV.MX,insufficient_history
B7E.DE,good
RXH.AX,insufficient_history
DCT,no_data
ECT,no_data
S9A.F,no_data
PRFT,no_data
8029.HK,good
ERD.NZ,insufficient_history
RELIANCE.NS,good
FSJ.L,good
0867.HK,insufficient_history
SXL.AX,good
H12.SI,good
8100.HK,good
IC8.BE,good
F3C.DU,good
COCE5.SA,good
VLA.AX,good
EVK,no_data
COFS,good
PGR.AX,no_data
LL,no_data
FRIO3.SA,good
SFL.AX,no_data
SWED-A.ST,good
MWB.SG,no_data
AVON.L,good
CORPBANK.NS,no_data
DAM.BE,good
LOB,insufficient_history
VKTX,insufficient_history
PIH.TO,no_data
MZX.DE,good
RFT.AX,good
HH.CO,good
SMDM,no_data
0467.HK,good
F.MX,good
1114.HK,good
1086.HK,insufficient_history
NHC.AX,good
FOR,good
0598.HK,good
SYX,no_data
PWO.BE,good
IF.MI,good
IRET,insufficient_history
WDC.BE,good
CMPRF,insufficient_history
VOLV-A.ST,good
GFA,good
2336.HK,good
MMM.HA,good
GTT,no_data
GPE.PA,good
HBC1.HA,insufficient_history
LIO1.BE,no_data
ELET3.SA,good
RIO.L,good
HYUD.L,no_data
CYBR,insufficient_history
IES.MU,good
NYMT,good
2475.TW,no_data
SFD1.SG,no_data
FMBL,good
GRND3.SA,good
K03.SI,good
H07.SI,good
VGZ.TO,good
SHALPAINTS.NS,good
NOTA.DE,insufficient_history
AAST,no_data
CUR.BE,no_data
ADD.DE,no_data
0431.HK,good
ARL.BE,no_data
1386.HK,no_data
CRZO,no_data
GDFI,no_data
SRV.AX,good
KELLTONTEC.NS,insufficient_history
MUB.MU,good
MSFT,good
INNV,insufficient_history
PHARM.AS,good
KNKT,good
PDN.TO,insufficient_history
KGX.HA,insufficient_history
GCG-A.TO,good
0573.HK,good
CDTI,good
AAME,good
0750.HK,good
SVU,good
GIS.BE,good
MLPGO.PA,insufficient_history
CAE.TO,good
SASKEN.NS,good
CSCO34.SA,insufficient_history
HP3.SG,insufficient_history
GGA.TO,no_data
5OI.SI,good
RCII,no_data
P1Z.BE,no_data
DXX.V,no_data
0493.HK,good
BPSR,no_data
FCU.TO,insufficient_history
DF,no_data
BIOS,no_data
EML.AX,good
FLXN,no_data
GFS.L,no_data
INY.MC,no_data
2390.TW,good
MTH.V,insufficient_history
TXGE,insufficient_history
PKOH,good
KA8.DE,good
BPMX,no_data
CLSC4.SA,insufficient_history
IMCL,insufficient_history
1104.HK,good
CVC1.BE,good
SNBN,insufficient_history
RGEN,good
WOPA.MU,no_data
0016.HK,good
RDI,good
SEZAL.NS,no_data
MCMN.MX,insufficient_history
RW.V,insufficient_history
MDS.F,no_data
BMY.L,good
NIHD,no_data
CCJ.AX,no_data
AGU,no_data
SHWK.SG,no_data
SVE.L,no_data
GRI.L,good
SMR.AX,insufficient_history
CVW.AX,good
CYIO,good
RHM.DU,good
HYNS.L,no_data
FOM.V,no_data
MEOH,good
UBK.BE,good
MERR,good
REGI,insufficient_history
NWL,good
TPT.L,good
LWB.L,no_data
CCO,good
BCO.MU,good
MLHMC.PA,good
DIS.MI,good
0485.HK,good
MGT.AX,good
B69.SI,good
LIO1.DU,no_data
GZF.SG,good
CMA.AX,no_data
LEI.F,good
H78.SI,good
2379.TW,good
COL.V,no_data
CDB.V,insufficient_history
TSE1.F,no_data
KEYW,insufficient_history
0745.HK,good
DRI.HA,no_data
FIC.MI,insufficient_history
PDN.AX,good
BASI,no_data
M4I.DU,good
PHI1.F,good
UCALFUEL.NS,no_data
P4O.SG,good
MTN,good
MGL.NZ,no_data
RIO.MC,good
GEC.SG,no_data
ATI.PA,no_data
I9T.SI,no_data
GLJ.DE,good
REI,good
ORC.BE,good
SONA.MU,good
PKE,good
ALTA.PA,good
LMT.MX,insufficient_history
MBTN.MX,no_data
LLD5.L,insufficient_history
JAIBALAJI.NS,good
BSM,insufficient_history
E9L.SI,good
GMX.TO,good
RACEN.MX,insufficient_history
MLX.AX,good
SRI.AX,good
KCP.NS,good
ED4.DU,no_data
2023.TW,good
HYPE3.SA,good
FIN.NZ,no_data
ALS30.PA,no_data
YIV.MI,no_data
SIGA,good
MAW.TO,no_data
NDL.NS,good
SLNM,good
GPRO,insufficient_history
INEA.PA,good
TOO,no_data
AEGN.AT,good
0704.HK,good
SNW2.BE,good
TLS.NZ,no_data
INDTERRAIN.NS,insufficient_history
3231.TW,good
BREB.BR,good
ASAHISONG.NS,insufficient_history
ETE.AX,no_data
VRTV,no_data
2816.TW,good
CDM1.F,good
SCL.DU,good
SIL.NS,good
ACAD,good
MAGS,insufficient_history
PARRO.PA,good
PLD,good
PLCE,good
6153.TW,good
BHP.SG,good
ESEA,good
0703.HK,good
BHIP.BA,good
NBCC.NS,insufficient_history
OMIP.L,insufficient_history
HASI,insufficient_history
IDVL3.SA,no_data
ASKE,insufficient_history
2528.TW,good
KTOS,good
UUU.BE,good
ODP,good
SMV-H.V,no_data
ALCLA.PA,good
TVTODAY.NS,good
APAM,insufficient_history
ANTGRAPHIC.NS,good
0286.HK,good
BYD,good
0379.HK,good
DIDAN.MX,insufficient_history
BDL.MC,no_data
EMCF,no_data
NWSLV.AX,good
0419.HK,good
ORCHIDPHAR.NS,no_data
FTD,no_data
ILC.V,insufficient_history
R4.MC,good
0848.HK,good
AMX.V,good
KHC.MX,insufficient_history
PHK.AX,no_data
PSTB,no_data
KNM.L,good
SBS.DU,good
6257.TW,good
OTS.OL,no_data
STOB.L,no_data
SUR.BE,good
BSRR,good
AJ3.DE,good
0086.HK,good
ILMN,good
AUCT.L,no_data
ADBE,good
DJAN.L,no_data
ULC.MU,good
CWC.V,no_data
SY1.BE,good
2461.TW,good
HEN.SG,good
0657.HK,good
PFOCUS.NS,good
1088.HK,good
NANO.L,good
2383.TW,good
ACR.BE,good
0P2N.L,insufficient_history
WCH.SG,good
ALF.NZ,good
6281.TW,good
ANOD-B.ST,good
CNQ.TO,good
GFI,good
ALPH.L,insufficient_history
0051.HK,good
UGARSUGAR.NS,insufficient_history
ALNOV.PA,insufficient_history
MLAAE.PA,no_data
CNU.TO,no_data
MUV2.MI,no_data
CERA.NS,good
MANT,no_data
DOCD.AS,no_data
BMTO.L,good
ICSA.NS,good
DAL.MI,good
569.SI,good
CMXC,no_data
DOHL3.SA,good
S.TO,good
CNG.V,no_data
MCN.MX,insufficient_history
AOU.AX,no_data
RBT.PA,good
AFG,good
0069.HK,good
CTAA.F,good
ROKA,no_data
S58.SI,good
ARDN.L,no_data
NIR.AT,no_data
5FL.SI,good
ZAR.TO,no_data
IOU.V,no_data
SAVP.L,no_data
RLMD,insufficient_history
GMM.MU,good
VEG-H.V,no_data
CG3.SG,no_data
NAK,good
888.L,no_data
ADD.BE,no_data
MLCVG.PA,no_data
BTN.MX,no_data
BSRP.MI,no_data
CWC.DU,insufficient_history
AMRI,no_data
ELTON.AT,good
AAN.V,good
AAQ.F,no_data
VICA,insufficient_history
AGNN.MX,no_data
GXP,good
ERCG.SG,insufficient_history
CESP6.SA,no_data
MIR.AX,good
SPWH,insufficient_history
THIRUSUGAR.NS,no_data
DAIN.MX,no_data
HGO.AX,good
2029.TW,good
0376.HK,good
PET.L,good
EPL.V,good
CRM.AX,no_data
TRENT.NS,good
VSTIND.NS,good
TEN.AX,no_data
TPP.AX,no_data
GTQ1.DU,no_data
3998.HK,good
FORTIS.NS,good
HA,no_data
CLA.MI,no_data
0164.HK,good
B8F.BE,no_data
OSR.DE,no_data
RAT.L,good
SGE.SG,good
STEF.MI,no_data
CHFN,good
0128.HK,insufficient_history
PATINTLOG.NS,good
SAU.AX,no_data
MTZ,good
UA,insufficient_history
9907.TW,good
NFC.SG,good
0757.HK,good
EDL.DU,good
MSVB,good
OMKARCHEM.NS,insufficient_history
YSN.F,good
SIMPLEXINF.NS,good
SLG,good
RSH.AX,good
BFC.MU,no_data
ALFPC.PA,good
LEO.MU,no_data
PATI4.SA,good
REG,good
CALD,good
IGX.V,no_data
MFDB,good
DYNAMATECH.NS,good
BVB.BE,good
SYPR,good
EVEP,no_data
3393.HK,good
HY,insufficient_history
AC.PA,good
REMYY,insufficient_history
SOTK,good
BGLOBAL.NS,insufficient_history
NFC.BE,good
NKTR,good
DAI-H.V,no_data
T12.SI,good
BLD,insufficient_history
VISUINTL.NS,good
OR.TO,insufficient_history
VR,insufficient_history
IEH.L,no_data
SPZ.AX,good
VALUEIND.NS,good
MLION.PA,good
1009.HK,good
MRK.BE,good
GBG.L,good
GALPN.MX,insufficient_history
1100.HK,good
DUE.BE,good
C1V.BE,good
NDA-SEK.ST,no_data
RCDO.L,good
EMQ.MU,no_data
TBS.MI,no_data
BLUESTARCO.NS,good
FRR.L,insufficient_history
ASSI.MI,no_data
MBK.AX,insufficient_history
SZZ.SG,no_data
FPH.DE,good
IMCI,good
PES,no_data
ELBIO.AT,no_data
IFMI,no_data
ZEU.AX,insufficient_history
9937.TW,good
TORNTPOWER.NS,good
IPH.AX,insufficient_history
UZU.F,good
RPT.L,no_data
MBVA,good
CTH.L,no_data
AE9.BE,good
ENT.AX,good
PWRV,no_data
I15.SI,no_data
HSX.L,good
0120.HK,good
CUMMINSIND.NS,good
FIF.L,no_data
CAT,good
1210.TW,good
WGF.V,good
VIB3.SG,good
TMP,good
JDN.V,good
0212.HK,good
TLEVISACPO.MX,good
BELFB,good
MLEAU.PA,no_data
BST.AX,no_data
TFW.L,good
MLVIN.PA,insufficient_history
FTE.MU,good
LYPSAGEMS.NS,insufficient_history
STG.MC,no_data
RNO.MI,no_data
FRUT.L,insufficient_history
CPX.TO,good
HYQ.HA,insufficient_history
ORBK,no_data
EOAN.BE,good
CUI.V,no_data
EVH,insufficient_history
NTC.AX,no_data
INDIANCARD.NS,good
ASAHIINDIA.NS,good
0737.HK,good
2358.HK,good
MPP.AX,insufficient_history
0498.HK,good
GILT,good
SUDAR.NS,insufficient_history
TPC,good
ARU.AX,good
MUB.F,good
COUR.PA,good
VVU.DE,good
JRVR,insufficient_history
TAP.AX,no_data
0052.HK,good
LEI.BE,good
MOH.AT,good
IU2.BE,good
1733.TW,good
TEAM.OL,no_data
MASTEK.NS,good
VNTV,no_data
UPAB.SG,good
ECMPA.AS,insufficient_history
CTIC.MI,no_data
FEV.F,good
CHMA,no_data
1182.HK,good
CLIR,insufficient_history
40S.SI,no_data
BCH,good
PEU.DE,no_data
1905.TW,good
CMCO,good
NOEJ.SG,insufficient_history
EOAN.DU,good
ISMTLTD.NS,no_data
COLG34.SA,insufficient_history
AVHI,no_data
T19.SI,no_data
BX.TO,no_data
TLI.DU,no_data
PFSI,insufficient_history
20MICRONS.NS,good
VWS.CO,good
0827.HK,good
SKPI,good
SKX,good
NGD.TO,good
GXM.V,no_data
RACK,insufficient_history
TOTS3.SA,good
SBX.V,no_data
UBI.L,no_data
0632.HK,good
CHMI,insufficient_history
TDC,good
FPE.BE,good
MRK.MX,good
WELSPUNIND.NS,no_data
CWR.L,good
E7S.DU,insufficient_history
TEXMOPIPES.NS,insufficient_history
U6Z.F,good
SY1.F,good
NOA3.HA,good
UTC1.BE,no_data
FKYS,good
TEO,good
ZENTEC.NS,insufficient_history
APX.AX,insufficient_history
SIO.AX,insufficient_history
ALGBE.PA,insufficient_history
CNW.AX,no_data
FNHC,no_data
IRB.NS,good
CLIRF,insufficient_history
KTE.AX,no_data
GLAXO.NS,good
ALCHEM.NS,good
EKT.BE,good
8092.HK,good
IFT.NZ,good
FBOK34.SA,no_data
2002.TW,good
GO5.F,no_data
GRPN,insufficient_history
VVU.HA,good
KIRLOSIND.NS,good
EVR.L,insufficient_history
EOL.AX,good
FMNL.NS,insufficient_history
SPNS,good
TCFC,no_data
G1A.F,good
DBCORP.NS,insufficient_history
NDA.MU,good
FVI.F,good
DPWA.BE,good
OLYMP.AT,good
VABK,good
PRHL,no_data
1157.HK,insufficient_history
ESCH.L,insufficient_history
SVE.BE,good
VALE,good
CKH,no_data
BRITANNIA.NS,good
TYP.V,no_data
0372.HK,good
HSB.PA,no_data
REN,no_data
KPG.NZ,good
SAGA.L,insufficient_history
BLMT,no_data
FME.F,good
NWT.SG,good
N7G.SG,no_data
CAP.HA,no_data
ZNGA,no_data
VIS.AT,insufficient_history
CND.AX,good
L1OA.MU,no_data
0542.HK,good
CTWS,no_data
LHL.DU,good
DIS,good
VOS.F,good
NVDA.MX,insufficient_history
LNTR.L,no_data
D50.SI,good
AXTELCPO.MX,good
EOG.V,insufficient_history
5305.TW,no_data
ROLTA.NS,good
FGF.AX,no_data
DRH,good
AVA,good
M03.SI,good
GLRE,good
DLG.L,insufficient_history
POPE,no_data
ADM.MU,good
NPHC,good
ALLY,insufficient_history
2668.HK,good
SM,good
CRIV3.SA,good
0339.HK,good
HER.L,no_data
ASCC,insufficient_history
ACX.AX,insufficient_history
HK,no_data
SABR,insufficient_history
BAR.BR,good
EHIC,no_data
MIR.V,good
GEZC,no_data
YUMA,no_data
ETN,good
PAY.TO,insufficient_history
AAQ.SG,no_data
FZM.SG,good
CCRE,no_data
B8F.F,no_data
APA.AX,good
SRE.V,no_data
RJL.NS,no_data
HAMO.BR,no_data
6133.TW,good
CRSU.PA,good
ECX.DU,no_data
INTG,good
BORT,good
ZAM.L,insufficient_history
GDC.TO,good
GLJ.SG,good
DXPE,good
SBVG.OL,no_data
HOLM-B.ST,good
AGG.AX,no_data
IBE1.F,good
GLIF.L,no_data
EEMS.MI,good
RNG,insufficient_history
O08.SI,good
AMX,good
CSBR,good
PRG.DU,good
VSBN,no_data
2307.HK,good
FPMB.BE,good
1507.TW,no_data
GEN.AS,no_data
RBCC,no_data
MLY.V,good
TKTT.PA,insufficient_history
8351.HK,no_data
SON1.DE,no_data
CECO2.BA,good
EAS.AX,no_data
HIFA-B.ST,good
HSNI,no_data
RAJVIR.NS,good
THL.NZ,good
CA.PA,good
ENTG,good
2303.TW,good
TTEK,good
ATI.V,good
CNJ.AX,good
AQUA.OL,no_data
0670.HK,good
VLA.V,no_data
MSI.AX,good
NXST,good
SWX,good
SNL.AX,good
SB.MI,no_data
MWET4.SA,good
AVEO,no_data
ORIENTREF.NS,no_data
MKEA.PA,no_data
EPGG,insufficient_history
AVB.AX,good
HZD.L,no_data
RDNI3.SA,good
BYW6.DE,good
1164.HK,good
WUW.DU,good
STAF.L,good
1713.TW,good
XTD.AX,no_data
ELE.PA,good
LALPATHLAB.NS,insufficient_history
RIO1.BE,good
DLPH,no_data
OSP2.MU,no_data
B1C.HA,insufficient_history
TITR.MI,good
BBY.MX,good
FRSB,good
TRASTOR.AT,good
PPH.L,good
CBDS,insufficient_history
F3C.BE,good
UNP.SG,insufficient_history
POR.V,insufficient_history
0850.HK,no_data
QTE.PA,no_data
PSK.TO,insufficient_history
VIH.SG,no_data
P4O.DU,good
MDRX,good
PDZ.AX,no_data
VRTA,no_data
ANG.V,no_data
LITB,insufficient_history
RWT,good
BIL.DU,no_data
MMV.V,no_data
OBAS,no_data
GCC.MX,good
MYO.AX,no_data
AVD.AX,insufficient_history
CTOT,no_data
BAIN.PA,good
AJANTPHARM.NS,good
HAIK.L,good
ADS.HA,good
MLTRO.PA,good
HAV.PA,no_data
RTN1.DU,no_data
IME.L,no_data
GIS.F,good
SMTX,no_data
DV.V,insufficient_history
TU,good
STX,good
USAP,good
KPT.AX,no_data
GTE.TO,good
ASRV,good
MTE.BE,good
ERCA.F,good
0QNM.L,insufficient_history
TOU.TO,insufficient_history
U9R.BE,good
NDR.V,no_data
ZOO.L,good
3019.TW,good
TTM.V,no_data
SAR.AT,good
5DM.SI,good
CHCR,no_data
ALZ.V,no_data
IPI,good
BBD-B.TO,good
FIRE.ST,good
CLNT,no_data
ALL.AX,good
BCY.DU,good
KN.PA,no_data
ALADM.PA,no_data
PRMW,no_data
EPIS-B.ST,insufficient_history
OR.PA,good
KMB,good
STA.V,good
MTL.TO,good
CLL.L,no_data
NNS.BE,no_data
FME.SG,good
SNR.L,good
LDB.BE,no_data
SUD.AX,no_data
0929.HK,good
AC.MX,good
MAI.L,good
SRT.SG,good
FPAY,insufficient_history
MU,good
ALG.DE,good
BMIN3.SA,good
MLKRI.PA,no_data
SEVAN.OL,no_data
GCEI,good
BICB,good
WHG,good
DYL.AX,good
EZE.MC,good
AXW.PA,insufficient_history
VITR.ST,good
ETCK,good
SBTB,no_data
CBK.BE,good
AHQ.AX,no_data
GTY.AX,insufficient_history
0692.HK,insufficient_history
WUW.DE,good
CS.TO,good
WGL.AX,no_data
BDLL4.SA,good
BAS.DE,good
CAR.HA,good
BRFS3.SA,good
FRO,good
PCG,good
AHX.AX,insufficient_history
CNAT,no_data
RWE.DE,good
SANGHVIFOR.NS,no_data
PAG,good
LTV.V,insufficient_history
CMS,good
LABB.MX,good
FEVR.L,insufficient_history
SPYL.NS,no_data
DGAS,no_data
HNG.AX,good
ABFRL.NS,insufficient_history
NML.AX,no_data
NOH1.MU,good
V3S.DU,no_data
TKA.DE,good
ENL.HA,good
ADD.HA,no_data
RTH.V,insufficient_history
AM,insufficient_history
NFD-A.V,insufficient_history
DNX.V,no_data
CATM,no_data
HLAN,good
SPR.DE,no_data
TL5.MC,no_data
3056.TW,good
LVNTA,no_data
MAIL.L,insufficient_history
DWHA.L,good
1618.TW,good
TRHF,no_data
STE.L,insufficient_history
NTZ,good
0196.HK,good
RASSINIA.MX,good
IDSA,no_data
ADN.AX,good
BKM.L,good
CEA.DE,good
BAC.BE,good
WCM-A.TO,good
ELSE,good
BKN.F,good
ALDOL.PA,good
GLJ.MU,good
CWST,good
GAB.MI,good
HLIT,good
CLI.L,good
XX.V,good
MODN,no_data
1105.HK,good
2348.HK,good
ZEF.DU,no_data
SCL.BE,good
FZM.DE,insufficient_history
TMKS.L,no_data
NYCB,no_data
MTNL.NS,good
2536.TW,good
CRNT,good
CRXM,no_data
1043.HK,no_data
CTXS.MX,no_data
EUCA.SG,no_data
0683.HK,good
AMCO,no_data
RFC.V,no_data
ATRI,no_data
FEMSAUBD.MX,good
MSLP,no_data
VOW4.DE,insufficient_history
XONA.SG,good
NATIONALUM.NS,good
CYP.V,no_data
SEP,good
0931.HK,good
PHI1.DU,good
ACX.SG,good
ULC.DU,good
ATLC,good
GDL.TO,good
MOO.SG,no_data
FNTN.F,good
OTTR,good
3579.TW,no_data
WLF.AX,no_data
ABO.BR,good
OIC.NZ,no_data
NEWT.BR,good
0P6M.L,good
TOT.TO,good
PNE3.SG,good
SMIN.L,good
HOS,no_data
CYBE,no_data
UTDI.BE,good
0833.HK,good
CASN3.SA,good
VOW4.F,no_data
BME.MC,no_data
EBQ.L,good
GT.MX,insufficient_history
INQD,insufficient_history
MAN3.F,no_data
ARCI,no_data
MRN.PA,good
HINDDORROL.NS,no_data
NVON.MX,insufficient_history
PSAN.BE,good
HTO.AT,good
TPOP.L,insufficient_history
ATAR,insufficient_history
0176.HK,good
APD.AX,no_data
HBK.V,good
ED4.F,insufficient_history
AMRR,no_data
XHR,insufficient_history
TFA.AS,no_data
COP,good
GD,good
1711.TW,good
DK,good
REX.V,good
CADILAHC.NS,no_data
EPC,good
RHO5.DE,good
BNS.MX,good
AWV.AX,no_data
CCL.AX,insufficient_history
PATELENG.NS,good
AMPE,good
RUBYMILLS.NS,good
HBC1.DE,good
PNW.AX,no_data
WMT,good
1184.HK,good
SOW.DE,no_data
VX1.SG,good
SSL.MI,good
ASM.AS,good
CKFC,no_data
OMC,good
GRIF,no_data
OEQ.AX,good
SSUN.BE,good
UNVR,no_data
CAT1.F,good
USE.BE,no_data
COBZ,good
SAX.SG,insufficient_history
MUM.MU,good
AMPH,insufficient_history
VIL.PA,good
POMO3.SA,good
0006.HK,good
WPG.AX,no_data
ENVV,no_data
UNF,good
SQS.L,insufficient_history
PKI.TO,good
AST.MI,no_data
BTOW,good
HAB.F,good
ALAUP.PA,no_data
1131.HK,no_data
NWHM,no_data
FME.MU,good
TAS.AX,good
RCT.V,good
MUN.PA,no_data
LCAR,no_data
BMEN.MX,no_data
SWA.F,good
HNL.BE,good
BLK.MX,insufficient_history
U6Z.BE,good
UTI,good
NEWT,good
8213.HK,good
KTEC,insufficient_history
SKFINDIA.NS,good
GZT.TO,insufficient_history
G0I.SI,good
BEI.BE,good
MOA.NZ,no_data
CBS,no_data
BAC.MU,good
ALOT,good
CHKR,insufficient_history
LTC,good
TWL.NS,no_data
CCCL,no_data
VET,insufficient_history
0211.HK,good
ASCO.AT,good
VLGEA,good
MPX,good
VIH.BE,no_data
SUN.L,good
BNR.HA,insufficient_history
BERK34.SA,insufficient_history
GOS.DE,good
AJMERA.NS,good
OIBR4.SA,good
0698.HK,good
FFWC,good
CIB.PA,no_data
WRN.TO,good
AFX.MU,good
FNV,good
BOI.PA,good
VLTSA.PA,good
VX1.HA,insufficient_history
MCK.MI,no_data
NFX,good
WIN,no_data
PRSS,insufficient_history
AOLS,good
AKZA.AS,good
BTO.TO,good
IMPAL.NS,good
ICP.TO,no_data
QB7.F,good
NO4.SI,no_data
UTL,good
BMS.L,good
QB7.BE,good
WRE,no_data
CEBR6.SA,good
SSV.V,good
MHI.V,good
PCF.L,no_data
VOW5.DE,insufficient_history
PRI.MI,no_data
PLAB,good
AST.L,good
MUKANDLTD.NS,good
FRA.F,good
AMXL.MX,no_data
ELTZ,no_data
TECO2.BA,good
MAK.F,good
SANGHIIND.NS,good
TRIP,insufficient_history
ECCE,good
1001.HK,good
ENZ,good
EMGS.OL,good
ELOS-B.ST,no_data
COWN,no_data
FIER.AT,good
D,good
NCB.BE,good
MLSRP.PA,good
ORGS,insufficient_history
0386.HK,good
VOC.AX,no_data
BYG.SG,good
MRLN,no_data
CIT,no_data
ARRY,insufficient_history
COFB.BR,good
RTC.L,good
MXX.V,no_data
PAPERPROD.NS,no_data
MFSF,no_data
IVX.DE,no_data
GCEH,good
NDX1.DE,good
RXN,no_data
AGO.AX,insufficient_history
HCFT.L,no_data
K71U.SI,good
CHRS,insufficient_history
SAIG.BR,good
GEO.MI,good
SANM,good
SAP.DU,good
VT9.SG,no_data
FAN.L,insufficient_history
MGA.DU,good
6152.TW,good
SFCA.PA,good
FPO,no_data
VLO.MX,good
MLLEA.PA,insufficient_history
MIGA.F,good
XPROINDIA.NS,good
IDRA,no_data
ENPT,insufficient_history
HADV,insufficient_history
APPO,no_data
IMII,good
BSAC,good
GEINDSYS.NS,insufficient_history
0693.HK,good
NMM.SG,good
BBL-A.TO,no_data
MAX.TO,no_data
NTEK-B.ST,good
2606.TW,good
LZB,good
CTAA.BE,good
KRBL.NS,good
NTOG.L,good
0662.HK,good
HNT.L,no_data
SCZ.V,insufficient_history
TANLA.NS,good
KIM,good
JASON.MX,insufficient_history
REF-UN.TO,good
SPIR.AT,good
AQC.AX,good
AMRUTANJAN.NS,good
EMCO.NS,no_data
EDMC,no_data
RMI.AX,good
0989.HK,good
THMG,good
ESV.V,no_data
SSET,insufficient_history
HMTF,no_data
1526.TW,good
AHT.L,good
GSEN,no_data
UIS.SG,no_data
JCOM,no_data
LAVI.AT,good
SEB,good
HLX.AX,good
MED.SG,good
SCPA.L,no_data
BPE5.HA,insufficient_history
SUNILHITEC.NS,no_data
URU.L,good
LIXC4.SA,no_data
RTN1.MU,no_data
UNIP6.SA,good
BAU.AX,no_data
CWP.AX,good
SMSI,good
BCT.AX,insufficient_history
ISH2.SG,no_data
TDS,good
1310.TW,good
SGE.MU,good
IGC,good
VMC,good
IMM.L,good
MLS.AT,good
DAI.BE,no_data
SSW,no_data
0556.HK,good
GLJ.F,good
AT,no_data
2010.TW,good
0359.HK,no_data
CGS.AX,good
GBLL,no_data
VCX.AX,insufficient_history
OAR.AX,good
TGR.V,no_data
AWRE,good
RRR.L,good
VUZI,insufficient_history
BGI,good
JSG.L,good
GQ.V,good
1071.HK,good
ACET,insufficient_history
ASM.V,no_data
GBNK,good
BRIO6.BA,good
3044.TW,good
AIAENG.NS,good
DEEPAKFERT.NS,good
KSB3.DE,good
NOA,good
SNH,no_data
ITN.F,good
GCM.L,good
LEE,good
MD,good
IFXA.SG,insufficient_history
0306.HK,good
HLI,insufficient_history
PNDORA.CO,insufficient_history
SPRI5.SA,no_data
NFLX,good
DIS.MX,good
RAJOIL.NS,no_data
MDDD,no_data
RBCAA,good
PBP.AX,no_data
CCD.V,good
OMN,no_data
ARG.AX,good
CIIX,no_data
VRG-B.ST,no_data
3RB.MU,good
INL.MU,good
2898.HK,insufficient_history
SMM.V,no_data
1171.HK,good
UTDI.MU,good
4DS.DU,good
CCC3.F,good
ALMET.PA,insufficient_history
NRG.PA,good
NYT,good
CAW,no_data
KS.V,insufficient_history
BNG.TO,good
RCAR,good
AMTX,good
BAYA.BE,insufficient_history
GGE.AX,good
RGCO,good
TBNK,good
RDS.AX,good
CRIV4.SA,good
ALHVS.PA,no_data
TOM.HA,insufficient_history
GVC.L,no_data
NNN,good
PAC.AX,good
BRKL,good
0690.HK,good
MSYS.L,insufficient_history
CNO.V,good
MFNC,no_data
SMS.V,no_data
AMOT,no_data
0111.HK,good
0678.HK,no_data
TSN.V,no_data
CTM.HA,insufficient_history
MKLW.L,no_data
0252.HK,good
NGE.V,no_data
SGMO,good
COE.AX,no_data
CRPG3.SA,good
TOTB.F,good
BRFH,insufficient_history
CPIX,good
PRG.AX,insufficient_history
RJX-A.V,good
HFBL,good
2369.HK,good
BAKKA.OL,insufficient_history
SUJANAUNI.NS,no_data
PRKA,good
BFDI,no_data
AOI,no_data
DB1.DU,good
DRI.DU,no_data
TTOO,insufficient_history
AOMD.BE,good
NKO.TO,no_data
TGSU2.BA,good
EBA.BE,good
NSH.L,no_data
CFC.BE,good
INH.MU,good
TVSMOTOR.NS,good
PRGO,good
SAZ.DE,insufficient_history
OHI,good
DNQA.SG,insufficient_history
F17.SI,good
EXG.V,good
GS7.DE,no_data
I7N.SG,no_data
I7N.DU,no_data
MGN.DU,no_data
GLB.V,good
DYSL,good
B16.SI,no_data
2369.TW,good
CDXS,insufficient_history
AEF.MI,good
0607.HK,good
S4A.DE,no_data
RMK.V,no_data
EI.PA,no_data
PED,good
TMBXF,good
CAY.AX,insufficient_history
0317.HK,good
BKSC,good
HURN,good
CWC.HA,insufficient_history
ERO1.DE,good
O1BC.DE,no_data
TES.PA,no_data
1189.HK,good
KUB.V,no_data
EGDW,no_data
1527.TW,good
SNBC,no_data
SPCB,good
IOFB,no_data
ORBITCORP.NS,good
HCCI,no_data
HDB,good
FOUR.L,good
CDY.AX,no_data
WNRL,no_data
AVON34.SA,no_data
BEG.L,good
TITN,good
AKM.AX,good
MFG,good
ZC.PA,good
0609.HK,good
SPICEMOBI.NS,no_data
ODD.ST,no_data
FSBW,insufficient_history
CAP.DU,no_data
PPA.F,no_data
40B.SI,insufficient_history
HCL.BE,good
541.SI,good
3899.HK,good
ERSC.PA,no_data
8169.HK,good
4DS.MU,good
TRIGYN.NS,good
RENT3.SA,good
ATAI,insufficient_history
CSN.L,good
MANINFRA.NS,insufficient_history
NEE.V,no_data
HNR1.MU,good
SWM.AX,good
BK,good
BMT.MU,good
ESTR3.SA,good
IBEN.MX,insufficient_history
KGX.DU,insufficient_history
KA.AS,no_data
WSE.V,no_data
NSL.AX,no_data
ASE.V,no_data
CVV.AX,good
R6C1.BE,no_data
NEM.BA,good
SGR.MI,no_data
CLQ.AX,no_data
KPT.TO,insufficient_history
HBC1.F,good
LOTB.BR,good
BLISSGVS.NS,insufficient_history
EMR,good
CKX,good
HYU.DE,insufficient_history
OSBC,good
BPKD.L,good
CEED4.SA,insufficient_history
NVY.V,no_data
SVE.F,good
CAM.L,good
NTO.BE,good
WPZ,insufficient_history
ZYNE,no_data
GMLP,no_data
AAPL.MX,good
UNIN.F,no_data
ACA.MI,no_data
MRNS,insufficient_history
8137.HK,good
LRD.L,good
TMZ.AX,insufficient_history
SVM.TO,good
NC5A.DU,good
MDF.TO,no_data
SANT,insufficient_history
CPS.L,no_data
AIY.AX,no_data
VCRA,no_data
2628.HK,good
DEQ.MU,good
DWD.SG,good
RKET.DE,no_data
PSH.V,no_data
3054.TW,good
ESY.DE,no_data
REDE3.SA,good
APM.F,good
WML.V,good
OPXS,insufficient_history
FAEN.MX,no_data
BFAM,insufficient_history
HUR.L,no_data
LLD.MU,good
TOM.AX,no_data
DII-A.TO,good
NQE.V,no_data
PINFRA.MX,good
ANGIND.NS,no_data
WNDM,no_data
KBC.BR,good
AFLU3.SA,no_data
MDAV,good
XENT,no_data
ITT,good
FET.AX,no_data
CIVB,good
PRW.TO,no_data
GSB,no_data
8189.HK,good
0082.HK,good
DATAMATICS.NS,good
PNR,good
2327.TW,good
STRNY,insufficient_history
PKG,good
ND3.F,good
IKA.L,insufficient_history
AEC1.MU,good
AVGR,insufficient_history
PRTA,insufficient_history
GESHIP.NS,good
BVX,no_data
RHO5.MU,good
SFCL.NS,no_data
3229.TW,good
RAVE,good
UPAC34.SA,insufficient_history
UUU.F,good
MTL.L,good
SGMZ,no_data
INOD,good
PFIZER.NS,good
CPLN.MX,insufficient_history
CAI,no_data
BHBK,no_data
PFG.L,no_data
LHA.BE,good
JBSS,good
RMD.V,good
SMT.TO,good
0313.HK,good
JBL,good
EXCEL.NS,good
SPD.V,insufficient_history
AFID.L,no_data
1200.HK,good
ESS,good
MLUSG.PA,insufficient_history
AML.AX,good
2548.TW,good
DHER34.SA,insufficient_history
AXA.DE,good
CFW.TO,good
FII,no_data
SLC.AX,insufficient_history
SGQ.AX,insufficient_history
GRMN,good
AP2.F,good
AKR,good
TRAN.BA,good
EQTL3.SA,good
CVC1.SG,insufficient_history
HLG.MU,good
MTGB,no_data
2485.TW,good
PRA,good
SFOR,no_data
SYY,good
KECL.NS,insufficient_history
ITX.OL,no_data
RTR.AX,insufficient_history
FTE.F,good
CERV.MI,no_data
TKR,good
CRK,good
SHWK.MU,no_data
GOLN.MX,no_data
SDF.MU,good
VMT.AX,good
FHN,good
SOBA.DU,good
GPC,good
SONA.BE,good
ARKR,good
KMOL.AT,no_data
MA1.SG,no_data
RYU.V,no_data
INDOTHAI.NS,insufficient_history
SAN.PA,good
BINANIIND.NS,good
CHAU.PA,good
VOC,insufficient_history
RHK.SG,good
ILU.AX,good
CSH.MU,good
ADS.DU,good
STC,good
ACGL,good
EFN.TO,insufficient_history
CON.MU,good
WOLE.BR,no_data
HTGM,no_data
VIJSHAN.NS,no_data
BBSE3.SA,insufficient_history
DORO.ST,good
MLP,good
WTR,no_data
ELG.F,good
ISH2.F,no_data
INTU,good
1810.TW,good
FBH.L,no_data
OCEL,no_data
MX1.AX,insufficient_history
IVI.V,no_data
MDR.AX,insufficient_history
HBM.BE,no_data
DAR.DU,insufficient_history
NVV.V,no_data
CPHI,good
MELSTAR.NS,good
B61.SI,good
FCBI,no_data
VLAP.PA,no_data
PCJEWELLER.NS,insufficient_history
TATT,good
MAU.AX,good
EKT.DE,good
BSPM,good
GOLDTECH.NS,good
MCK.V,no_data
AGX,good
PETRO.AT,good
IFX.SG,good
CTG,no_data
S4A.SG,no_data
5KI.SI,good
0105.HK,good
LOM.F,good
OR.MI,good
NWIN,no_data
MRVE3.SA,good
TTK.DU,good
ATHM,insufficient_history
MCFT,insufficient_history
ASNA,no_data
MTF.MI,no_data
ORC.SG,good
TRE.L,insufficient_history
MAGNUM.NS,good
AGKN.MX,insufficient_history
IHRC,good
DGO.V,insufficient_history
UEQ.AX,no_data
SEN.AX,good
SRB.SG,good
SYBT,good
MAT.V,good
KRN.HA,good
BGCP,no_data
O1BC.SG,no_data
YSN.DE,good
AXR.TO,no_data
G92.SI,good
FPN.PA,no_data
SESHAPAPER.NS,good
SMHN.DU,good
GHDX,no_data
MBECL.NS,good
BGMD,insufficient_history
BIG.AX,no_data
CVAL.MI,no_data
FRC,no_data
HCBN,good
LIN.DE,good
ODET.PA,good
NH.NS,insufficient_history
V6C.F,good
POM.PA,no_data
3383.HK,good
JEN.F,good
AIS.AX,insufficient_history
WOPA.SG,no_data
8019.HK,good
DGSE,no_data
NOW,insufficient_history
BMW.DE,good
SUL1.SG,good
JPM.BA,good
RGP.L,good
IPGP,good
ANF,good
BCY.DE,good
EXLS,good
MLTRC.PA,no_data
3130.TW,good
ISYG,no_data
LKQ,good
STAA,good
AFFY,good
SPA,no_data
RHI,good
0277.HK,good
STMP,no_data
ED4.SG,insufficient_history
VIV.PA,good
BYW6.DU,good
O5H.DE,no_data
CBEV,no_data
AXPW,no_data
FIEMIND.NS,good
MTEX,good
CSAB4.SA,no_data
HIL.NS,good
BERK,no_data
SRT3.BE,good
HEMA,no_data
RILY,good
TX,good
PUM.F,good
RP.V,insufficient_history
WRB,good
AWK.NZ,no_data
LOM.AX,good
BUD.AX,no_data
EXR,good
KMT,good
PASAB.MX,good
MDCA,no_data
ON,good
YATRA.AS,good
PSM.MU,insufficient_history
ARL.HA,no_data
RAKP.OL,no_data
IATR.AT,good
IEHC,good
VCEL,good
ERHE,good
UTDI.HA,good
D11.SI,no_data
ALV.MI,no_data
IPG,good
MPC.TO,good
PAYD,insufficient_history
VOW3.DE,good
KARO.ST,no_data
TEV.BE,good
BU.TO,good
INA.AX,insufficient_history
2GB.F,good
BRE.MI,good
ALHYG.PA,no_data
ETR,good
AFX.BE,good
ACB.AX,no_data
MLNMA.PA,good
MCX.AX,no_data
BNR.AX,insufficient_history
EXCELCROP.NS,no_data
SZG.HA,good
AWR,good
IAM.PA,no_data
MDTN.MX,good
0903.HK,no_data
1129.HK,good
ENI.BE,no_data
FVI.BE,no_data
BELU.BR,no_data
0126.HK,good
CRPT,insufficient_history
SLBG34.SA,insufficient_history
2474.TW,good
VGD.V,good
LUV,good
DAT.OL,no_data
HOTR,no_data
TNC,good
ATRS.AS,good
IVU.DU,good
AIL.F,good
MGPI,good
PUM.BE,good
EMQ.F,no_data
CBT,good
2388.HK,good
ROYT,no_data
GRVY,good
VGAS.L,no_data
5PL.SI,no_data
0519.HK,good
WHT.F,no_data
PCE1.DE,good
JAIHINDPRO.NS,no_data
IDVL4.SA,no_data
AVU.V,insufficient_history
YUME,no_data
CPFE3.SA,good
SMTC,good
CNQ.AX,insufficient_history
BILPOWER.NS,no_data
SHL.V,good
GAM,good
NSH,no_data
ADL.BE,no_data
8198.HK,good
JW-A,no_data
CETH,insufficient_history
CRB.V,good
UAN,insufficient_history
MCRO.L,no_data
DLT.PA,no_data
PPC.AT,good
IXI.V,insufficient_history
ZUC.MI,good
BCLN.MU,good
OMM.V,insufficient_history
EN.PA,good
ORM,no_data
BXB.AX,good
SFM,insufficient_history
GFK.BE,no_data
2340.HK,good
GSCLCEMENT.NS,no_data
HOT.HA,good
HWBK,good
MTRX,good
BJRI,good
WUG.F,good
TOTB.DU,good
ANX.TO,no_data
DWNI.DU,good
CCIH,insufficient_history
MBQ.SG,good
ISAT.L,no_data
LLIS3.SA,no_data
N2F.MU,no_data
NCM.AX,no_data
SIFY,good
HOOT4.SA,good
AAZ.L,good
BNE.TO,good
ESME.BA,no_data
VEC.AX,no_data
CTN.V,good
SIEB.SG,good
SRH.AX,good
WITN.MX,insufficient_history
VOW4.BE,no_data
CFR,good
SHF.SG,good
ROST,good
MCEP,no_data
SIX3.MU,good
1338.HK,good
AEI.SG,no_data
SAP.BR,good
MCE.SG,no_data
PRIM,good
APA,good
RMP.TO,no_data
DSM.AS,no_data
0919.HK,good
FARM.MI,insufficient_history
63DA.DE,insufficient_history
UBFO,good
SIE.DE,good
MLSIC.PA,good
I8R.BE,good
YPPN,insufficient_history
RFP.TO,no_data
CTO.V,no_data
KNL,no_data
ALU.AX,no_data
DG.PA,good
HLG.SG,good
MAN.DU,no_data
SBCF,good
PRADIP.NS,no_data
CCOI,good
FCA.MI,no_data
GME.F,good
KJ5.SI,good
NAVNETEDUL.NS,good
MTLS,insufficient_history
0775.HK,good
ROI.V,good
NICL.L,good
KABN.BE,no_data
LAMR,good
CVCO,good
GIS.HA,insufficient_history
G,good
USIM6.SA,good
HCLP,no_data
BLD.MX,insufficient_history
FOH.MU,no_data
CVRR,insufficient_history
LEK.L,no_data
OKL.SG,good
SPM.MU,good
CAC,good
DSX.AX,good
CLZ.V,no_data
GTQ1.MU,no_data
CNC.L,good
TNXP,insufficient_history
DU4.SI,good
SHARDACROP.NS,insufficient_history
SPI.V,good
VRSN,good
UNP.HA,good
BPE.MI,good
HYU.DU,no_data
3355.HK,insufficient_history
MBB.DU,good
5GF.SI,no_data
2088.HK,good
ABR.DE,good
8103.HK,good
RHK.BE,good
1169.HK,no_data
DPT.PA,good
DAL.V,no_data
BMW3.DU,good
ESY.BE,no_data
SKI.AX,no_data
GCAP,no_data
CZI.AX,no_data
SXI.TO,good
RHT.AX,good
TEV.DU,good
NMAN.ST,good
NCCL.L,no_data
HYARD.OL,no_data
GEO.NZ,no_data
RN.TO,insufficient_history
DR0.DU,insufficient_history
ENV,no_data
CAP.DE,no_data
QAN.AX,good
CTAC.AS,good
TNE2.MU,good
DTD2.DE,good
DAM.F,good
TRS,good
TGLS,insufficient_history
KU2.HA,no_data
SMSD.L,good
MOD,good
NTPC.NS,good
3993.HK,good
MCH.MU,no_data
1224.HK,good
MSMN.L,insufficient_history
HINDUJAFO.NS,no_data
PGR,good
ALTEV.PA,no_data
EMP-A.TO,good
HAW.SG,good
TOP.CO,no_data
MUV2.DE,good
VSTTILLERS.NS,insufficient_history
CRP.TO,good
RHP,good
HOC.L,good
EGN,good
BXS,no_data
PSAN.SG,good
RIO1.DU,good
0862.HK,good
QIA.SG,good
ASIANTILES.NS,good
YSN.BE,good
CTRN,good
0878.HK,good
VADILALIND.NS,insufficient_history
STD.BA,good
DEEPIND.NS,no_data
KLR.AX,good
ATV.V,no_data
QUMU,no_data
MUX.SG,insufficient_history
DTGI,good
5RC.SI,insufficient_history
1108.HK,good
TW.L,good
IDP.DE,good
SGC,good
OSR.BE,no_data
WOPA.DE,insufficient_history
NMC.L,no_data
SIPH.PA,no_data
SENZ,no_data
MPT.V,no_data
ICON,insufficient_history
OMMETALS.NS,no_data
KSERASERA.NS,good
EXPO,good
BLR.V,no_data
NOA3.DU,good
8250.HK,good
RGC,insufficient_history
UIS,good
CGM.PA,good
IES.HA,good
LIT.AX,good
FDOC,no_data
RND.AX,good
FSTA.L,good
CWC.SG,insufficient_history
ARD.AX,good
A17U.SI,good
BCI.TO,no_data
NAP,insufficient_history
WBSI,no_data
HBC2.DU,good
TRGM,insufficient_history
NEOS,no_data
EKT.L,no_data
3026.TW,good
YGEN.MX,insufficient_history
T8JU.SI,no_data
LPS.V,good
ADS.SG,good
LTEC.DU,good
SOIGF,no_data
AAV.TO,good
FOD.AX,no_data
TNE5.HA,good
UBK.MU,good
SNV,good
INSM,good
G41.SI,no_data
LHA.F,good
GAWK,insufficient_history
EOLU-B.ST,good
TRS.AX,good
ACA.PA,good
CHE-UN.TO,good
GTX.TO,good
CCEL,good
ALD.F,good
TLX.SG,insufficient_history
WSON33.SA,no_data
HBMD,no_data
G1A.DE,good
CSX1.F,no_data
SAN,good
JYOTHYLAB.NS,good
TUPY3.SA,good
ITDCEM.NS,good
RNL.DE,good
BAD.TO,no_data
MLEST.PA,good
CYCA,insufficient_history
E28.SI,good
TST,no_data
AMSC,good
SMMF,no_data
PGOL,good
JKPAPER.NS,good
MRC.AX,good
AFX.DU,good
WBC,no_data
0925.HK,good
MCH.SG,no_data
ELE.MC,good
0635.HK,good
RGI.V,good
CTMA.BE,no_data
BIOL,no_data
SC2.SG,no_data
SALT,no_data
MCBC,no_data
KABN.MU,good
KMG,good
LUVE.MI,insufficient_history
CONN.BR,no_data
HITECHGEAR.NS,good
JHSF3.SA,good
ACAR,no_data
DPWN.MX,insufficient_history
NBHC,insufficient_history
SEV,no_data
HPCQ,no_data
FETM,good
SSTY.L,insufficient_history
SARDAEN.NS,good
INL.F,good
CEL.AX,good
HAYN,no_data
CUR.F,no_data
S91.SI,no_data
BKI.TO,insufficient_history
GPP,no_data
SYNC,no_data
BSE.AX,no_data
O2C.SG,no_data
ASGN,good
EEEL4.SA,no_data
WAGE,no_data
APCL.OL,no_data
PV3.SG,no_data
TPC.AX,good
KAKU.L,good
DRSV,no_data
BIJ.MU,good
HST,good
9905.TW,good
TIET4.SA,no_data
CMC.DU,good
SCIL,no_data
G1A.DU,good
544.SI,good
MAIL.MI,no_data
MVV1.MU,good
WFG.V,no_data
DRM.TO,insufficient_history
0244.HK,good
PNGAYN.MX,insufficient_history
HCLTECH.NS,good
MU4.F,no_data
AXDX,good
H13.SI,good
GIMO,no_data
LOAN,good
IRS,good
AIMT,no_data
NEDSE.AS,insufficient_history
CMTL,good
WEGE3.SA,good
ZTF.L,good
SIX,no_data
IGAS.L,no_data
AKVA.OL,good
ER0.SI,good
AP2.DU,good
NHF.AX,good
ATEB.BR,good
5IB.SI,no_data
GLK.V,no_data
GFN,no_data
CUO.V,no_data
HF.PA,no_data
BVS.L,no_data
LTOD.L,good
6116.TW,good
PTN,good
ATH.TO,insufficient_history
CNK,good
ENW.V,good
CVSG.L,good
ARQL,no_data
ETF.V,good
AZY.AX,insufficient_history
APPS,good
0375.HK,good
QUINTEGRA.NS,good
HIL.AX,no_data
NGHT,good
RELY,insufficient_history
0729.HK,no_data
AMTL.NS,no_data
SOW.SG,good
TDO.AX,good
INN,insufficient_history
PAF.L,good
BLON.SG,no_data
5AI.SI,good
SAP.BE,good
QFOR,no_data
SZZ.BE,no_data
MTLK,good
0204.HK,good
ZUM.V,good
INCO.AS,no_data
HCN,no_data
F31.SI,no_data
QTX.L,insufficient_history
EROX,no_data
ELON,no_data
1919.HK,good
0754.HK,good
ENT.TO,no_data
DFRG,no_data
WSFS,good
GLW.MU,good
BRD.L,no_data
RKDA,insufficient_history
CHBH,good
FALG.PA,no_data
AXS.L,good
DUE.SG,good
TLI.F,no_data
KORI.PA,no_data
CNA,good
SBGL,no_data
LLY.BE,good
ACX.DE,good
BLBK,no_data
FIE.DE,good
NOVA.F,good
WGX-H.V,insufficient_history
PCGE.L,no_data
MOR.DU,no_data
MOR.MU,no_data
IGG.L,good
ANG.AX,good
2438.TW,good
GAN.SG,good
ADI1.F,no_data
ESSE,no_data
KGJI,good
GVY.V,no_data
40U.SI,no_data
M4N.SG,good
NKT.CO,good
GKWLIMITED.NS,good
AKDS,no_data
DLG.DE,no_data
HTH,good
RUS.L,no_data
RDN,good
QSC.F,no_data
STT,good
ARES,insufficient_history
MPG.NZ,insufficient_history
FPMB.SG,good
MHTX,good
DOOR,no_data
BNZL.L,good
AIXA.F,good
RWEA.F,good
GFNORTEO.MX,good
1128.HK,good
ANAV,no_data
RWD.AX,good
BIQ.AX,no_data
LAME4.SA,no_data
HSIL.NS,no_data
0110.HK,good
DSV.CO,good
TX.MX,good
ALVMG.PA,no_data
RVNC,insufficient_history
MERCATOR.NS,good
CAPS,good
NDX1.HA,good
UMAM,insufficient_history
NCLIND.NS,good
LS9.SI,insufficient_history
0993.HK,good
GRASIM.NS,good
WDP.HA,good
MANAKSIA.NS,good
INFY.NS,good
VTT.V,insufficient_history
BASF.MI,no_data
NAYP.AT,good
EYE.L,insufficient_history
ISSG.OL,no_data
RPL.BE,good
ELET5.SA,good
VOW.DU,good
MJN.V,no_data
MFON,insufficient_history
PLT,no_data
SDE.V,no_data
VVU.BE,good
FR.TO,no_data
GYTI,insufficient_history
S63.SI,good
ICE.BR,good
ORG.AX,good
AUTCF,no_data
EXPD,good
GIN.DE,insufficient_history
IFT.AX,insufficient_history
WCB.V,no_data
ADN.TO,good
QQ.V,no_data
PTRC,good
CVX.BA,good
IBT.V,no_data
MLHOP.PA,good
PTEO,no_data
HGT,no_data
BBN.AX,insufficient_history
PCSV,good
ST5.DU,good
HNI,good
BMS,good
FMC1.F,good
VNOM,insufficient_history
HIT.AX,good
FLDM,no_data
RSG,good
SFST,good
ASTRAMICRO.NS,good
WK,insufficient_history
ACC.NS,good
SUL1.MU,good
DLG.DU,no_data
ENEV3.SA,good
NSFC,good
CBSM.PA,good
RTIX,no_data
SRP.L,good
LIQT,insufficient_history
NRI.TO,no_data
SANWARIA.NS,good
WOPA.DU,no_data
ALG.BE,good
HCI,good
NICE.MI,no_data
TKL.AX,good
AUNB,good
BERR.PA,no_data
MLI,good
GLL.AX,good
DRW3.HA,good
SRMC,no_data
SBSN.MX,insufficient_history
MDG1.SG,good
UTDI.SG,good
CRAP.PA,good
BCS,good
WL6.SG,no_data
IBM.MX,good
OUDHSUG.NS,no_data
BNS.MI,good
RVSB,good
VT9.HA,no_data
NXU.DE,good
AMPH.L,no_data
PRG.BE,good
T5O.F,no_data
0801.HK,no_data
SZU.MU,good
DWHT.L,good
M04.SI,good
INFE.PA,good
STRA,good
PHIA.MI,no_data
5DO.SI,good
FLY.V,good
BPSO.MI,good
SLW.DE,good
MUS.AX,no_data
ASKH,insufficient_history
BSET,good
CPN,good
MTB.V,good
SSE.L,good
NBR.V,good
IES.DE,good
CNX.AX,no_data
ALA2M.PA,insufficient_history
MEEC,no_data
BBBY,no_data
2022.TW,good
I5H.SI,no_data
RMP,insufficient_history
FXPO.L,good
XCA.BE,good
RAA.F,good
GYRO,good
OCI1.MU,good
1201.HK,good
3058.TW,good
ACX.MC,good
POWI,good
MTD,good
SWVK.MU,no_data
UBK.HA,insufficient_history
O2D.DE,no_data
E.TO,good
ASB.AX,good
TTR1.BE,good
WEF.TO,good
ANE.V,no_data
BTTL3.SA,no_data
C38U.SI,good
5471.TW,good
ONE.V,good
MA.MX,insufficient_history
CLH,good
LODE,insufficient_history
SGE.L,good
0789.HK,good
CUII,insufficient_history
RNK.L,good
NKIND.NS,insufficient_history
BMT.HA,insufficient_history
VET.TO,good
IPL.ST,good
RBX.AX,insufficient_history
SFD1.DE,no_data
PIC.BR,no_data
MEP.AX,no_data
ATHX,no_data
INOXLEISUR.NS,good
CLRB,good
SEDU3.SA,no_data
2498.TW,good
8296.HK,good
1118.HK,good
DRW8.BE,insufficient_history
CNI.AX,good
OCI1.SG,good
EGYH,good
KPN.SG,good
SNSS,no_data
SGMD,insufficient_history
BARZ,no_data
DRW8.SG,insufficient_history
UNP.MU,good
QIS.V,good
AXE.V,good
PCBK,insufficient_history
PVH,good
IAG,good
YBIN,no_data
O4B.BE,good
NCTY,good
0716.HK,good
ACOFN.MX,insufficient_history
XYL,insufficient_history
ABL.DU,good
0161.HK,no_data
ISR.DU,no_data
PUN.AX,no_data
ALC.AX,insufficient_history
1213.HK,good
B1C.MU,good
OSP2.BE,no_data
T39.SI,no_data
ORL.TO,no_data
0054.HK,no_data
HOLCO.AS,good
0938.HK,good
HFG.L,good
6115.TW,good
HZNB,no_data
SRX.AX,no_data
2451.TW,good
PRY.AX,no_data
TDC.CO,good
PFB.TO,no_data
SBUB34.SA,insufficient_history
NNI,good
CNHI.MI,no_data
M,good
COV.MI,no_data
RGA,good
DVN.MX,insufficient_history
0567.HK,good
BANCOINDIA.NS,good
DNA.TO,insufficient_history
CO,no_data
CC.MX,insufficient_history
CJC.V,no_data
IVFH,good
PE&OLES.MX,good
SWJ.BE,no_data
BALMLAWRIE.NS,good
GWR.AX,good
3344.HK,no_data
MPAY,insufficient_history
OCI1.BE,good
VGTL,good
VX1.DU,good
CLRN.DE,good
MX,insufficient_history
TQIR.F,good
IVX.F,no_data
ORANN.MX,insufficient_history
JLT.L,no_data
BSL.NS,good
CEMP,no_data
HBCN.MX,good
FTE.HA,good
KRED,insufficient_history
0065.HK,good
DFDS.CO,good
CHK,no_data
PLM,no_data
ABCO,insufficient_history
S4A.BE,no_data
HPQ.MX,good
VDTH,insufficient_history
BST.MI,insufficient_history
OSP2.F,no_data
ABBOTINDIA.NS,good
0303.HK,good
1788.HK,insufficient_history
TNR.V,good
HGSH,no_data
0122.HK,good
0706.HK,no_data
ABBV.MX,insufficient_history
EKI.PA,insufficient_history
BNT1.SG,no_data
CMC.BE,good
PNE3.HA,good
INVA,good
0102.HK,good
IOT.V,good
ITM.V,no_data
3RB.F,good
CIE.MC,good
1436.TW,good
GPM.V,good
0298.HK,good
NORTHM.CO,good
G1A.HA,good
RSWM.NS,good
A31.SI,good
TOTA.F,good
CHH.TO,no_data
K1R.DE,no_data
CSX1.SG,no_data
CFBN,no_data
AOMD.HA,insufficient_history
AEG.L,good
VIVR3.SA,good
REH.AX,good
MPH.V,insufficient_history
AMH,insufficient_history
0222.HK,good
TACO,no_data
KPC.AX,no_data
CPLE6.SA,good
KPRMILL.NS,good
WFC,good
ZAL.OL,insufficient_history
VARDHACRLC.NS,good
SURANACORP.NS,no_data
PLO-H.V,good
S46.SI,no_data
ALDV.PA,good
WG,no_data
0627.HK,good
EUROTEXIND.NS,good
SREINFRA.NS,no_data
2849.TW,good
E7S.BE,insufficient_history
LUMAXIND.NS,good
S4A.HA,no_data
SNW.HA,good
STHR.L,no_data
PRIC-B.ST,good
RTN,no_data
RKR.V,insufficient_history
ERCG.F,good
1041.HK,no_data
INDORAMA.NS,good
CCE,insufficient_history
G6P.F,no_data
AEC1.F,good
CON.BE,good
NPC.TO,good
TATE.L,good
AAD.MU,good
DEQ.SG,good
SNG.V,insufficient_history
TOMA.BE,good
0044.HK,insufficient_history
FTAI,insufficient_history
ANR.AX,insufficient_history
PTEN,good
ADD.AX,good
LPK.SG,good
NVEC,good
RUR.L,no_data
FLEXITUFF.NS,insufficient_history
APHD,good
CFY.V,good
2901.TW,good
PRQR,insufficient_history
CXU.AX,good
TGN.AX,insufficient_history
KPN.F,good
ENBL,no_data
WGO,good
QUR.AX,no_data
QSR.TO,insufficient_history
DIA.MI,good
MMMC34.SA,insufficient_history
AB1.DE,no_data
AVJ.AX,good
NEULANDLAB.NS,good
CSE.AX,good
AU,good
1798.HK,insufficient_history
CSII,no_data
QCI.BE,good
SIS.MU,good
POLYPLEX.NS,good
BEEF3.SA,good
SNT.L,good
U6Z.DU,good
1232.TW,good
MWB.DE,no_data
IPCC,good
0570.HK,good
BEAB.BR,good
2611.TW,good
1683.HK,insufficient_history
BCM.MI,no_data
BBX,no_data
KARE.AT,good
EV,insufficient_history
MTC.V,no_data
0232.HK,good
PWO.SG,good
DATA,no_data
BFLS,no_data
TNX.TO,no_data
CCXC3.SA,no_data
NWLI,no_data
ESY.DU,no_data
RN.MI,good
8016.HK,no_data
S92.F,good
ASHIMASYN.NS,good
PAGEIND.NS,good
TCC.V,no_data
NXU.DU,good
CHD,good
APWC,good
EXAC,good
METEX.PA,good
AST,no_data
TYK.AX,no_data
NAB.AX,good
MLN.NZ,good
0808.HK,good
ROSN.L,no_data
DBV.PA,insufficient_history
LWAY,good
WGL,good
MLPHW.PA,good
XCA.HA,good
AARTIDRUGS.NS,good
YOLO.L,no_data
WEG1.MU,no_data
PV3.BE,no_data
NEPCMICON.NS,good
NCL.AX,no_data
2887.TW,good
QQ.L,good
ANCR.L,good
IGLD,insufficient_history
BPF.AX,insufficient_history
0689.HK,good
DSW,no_data
ALBFR.PA,good
ENB,good
YRI.TO,no_data
INF.PA,good
SRT3.F,good
DEQ.HA,good
0638.HK,no_data
KSB.MU,good
PFS,good
CTRG.PA,no_data
FIT,no_data
GPN,good
BSEV3.SA,no_data
SWVK.BE,no_data
BAYN.F,good
DION.AT,no_data
C.BA,good
CVGI,good
NSRS,insufficient_history
BABAN.MX,insufficient_history
HMHC,no_data
TLCC,insufficient_history
SDA.AX,no_data
BKT.MC,good
PINF.MI,good
BABA,insufficient_history
MPCK.BE,good
PTL.NS,good
LINX3.SA,no_data
SKYW,good
6243.TW,good
WSU.DU,good
SXY.AX,no_data
2547.TW,good
FAM.V,good
4I1.SG,good
MV4.SI,insufficient_history
DPWA.F,good
SLED3.SA,good
WM,good
TENERGY.AT,good
PEU.SG,no_data
EUZ.SG,good
TCG.L,no_data
SMM.AX,insufficient_history
CZN.TO,no_data
AURS.PA,no_data
AB1.SG,no_data
EMD.BR,insufficient_history
AMBC,insufficient_history
BEL.NS,good
PARASPETRO.NS,good
INAP,no_data
HBOR3.SA,good
MHPC.L,good
ESNT,insufficient_history
PDVW,no_data
SKIS,no_data
FRAS3.SA,good
ABM,good
PERSISTENT.NS,insufficient_history
BLMN,insufficient_history
KKB.L,no_data
SCVL,good
IASO.AT,no_data
WSO,good
EXC.AX,no_data
CBM,no_data
ZER.AX,no_data
F3A.F,good
SCR.V,no_data
TQI.MU,good
8KMILES.NS,no_data
AJ3.DU,good
OPHR.L,no_data
LAMOSA.MX,good
NSE.AX,no_data
ETX.ST,no_data
TCAP,insufficient_history
SPLY,insufficient_history
SUP,good
MGAN.MX,insufficient_history
MCON.L,insufficient_history
ETH,insufficient_history
LOVABLE.NS,insufficient_history
IDXX,good
PHI,good
GWW,good
TGNO4.BA,good
MGLU3.SA,insufficient_history
EVD.F,good
RMG.AX,no_data
SIEB.DE,insufficient_history
TXHG,no_data
NBG6.DE,good
PEU.DU,no_data
GED.AX,good
IXX.SG,good
HDVY,good
1036.HK,good
PES.MU,good
LYK.AT,no_data
MLAMY.PA,insufficient_history
BLKG,no_data
NEU.MC,insufficient_history
LIWA,no_data
MA1.F,no_data
AUBN,good
TIN.F,no_data
6MK.DU,good
5CJ.SI,good
LXFT,no_data
2489.TW,good
MBB.F,good
BATAINDIA.NS,good
LXS.DE,good
ITT.V,no_data
INDI.L,good
KZD.V,no_data
CRU.L,good
D6H.DU,good
PPS.AX,good
GJAJ.PA,good
FME.HA,good
GCO.MC,good
TAP,good
ANKITMETAL.NS,insufficient_history
SAX.MU,insufficient_history
ASBE.L,no_data
BPOST.BR,insufficient_history
EWS.V,good
IND.L,no_data
T6I.SI,insufficient_history
KAR.V,no_data
1308.HK,insufficient_history
EXA,no_data
ERMS,good
IFP.L,no_data
IZN.V,good
WEG1.DU,no_data
RIO1.DE,good
THOMASCOTT.NS,insufficient_history
BBT,no_data
NHC,good
S41.SI,good
AGRO,insufficient_history
N2F.F,no_data
AFBG,no_data
HRG.L,insufficient_history
SMHN.DE,good
DORM,good
GMF.AT,no_data
TFI.MI,no_data
RGBP,insufficient_history
SQBG,no_data
PPRW,good
MUB.DU,good
LIN.F,good
AZEV3.SA,good
ACX.BE,good
NMG.V,no_data
CAD.L,good
SHWK.BE,no_data
HERCULES.NS,good
CDD.AX,good
BSN.BE,good
SYA.AX,good
R,good
3333.HK,good
CRB.AX,good
HMN,good
SHGT,no_data
BLT.NZ,good
0951.HK,insufficient_history
SPR.F,no_data
WFM.F,no_data
KOKUYOCMLN.NS,good
M&MFIN.NS,good
CSV.AX,no_data
ASHOKLEY.NS,good
BISI.L,good
IRE.MI,good
SMB.V,no_data
SCA.V,no_data
SYT.DU,good
ABT.TO,no_data
ANO.F,insufficient_history
H,good
P74.SI,good
EUA.L,good
ENUR.BE,good
581.SI,good
ALSAS.PA,good
AKER.OL,good
CMTV,good
IU2.DE,insufficient_history
POCHIRAJU.NS,no_data
NMS.AX,no_data
LSCC,good
MF6.DE,no_data
0973.HK,no_data
BHAGYNAGAR.NS,good
BOMK,no_data
1638.HK,good
VVC.V,good
HOFT,good
TIN.BE,no_data
MAT,good
DJI.V,no_data
SBS.BE,good
SGZ.V,good
CME,good
WLC.AX,no_data
MCTH,good
ROS.MI,no_data
SRT3.HA,good
BMT.SG,good
0663.HK,good
2360.TW,good
RSL.V,no_data
CNIC.L,no_data
GAS.MC,no_data
PROV,good
9940.TW,good
MLMII.PA,no_data
0141.HK,no_data
MTS.AX,good
SEE.L,good
HNL.L,no_data
FDEF,no_data
CLB,good
ABA.NZ,no_data
KOSS,good
MLHIN.PA,good
WEC.AX,good
DNG.TO,good
LSPP.F,no_data
TRS.V,good
RHM.MU,good
VALU,good
BFD.V,good
IBG.MC,good
UG.PA,no_data
CSBB,insufficient_history
SQNS,insufficient_history
ASB,good
COG.MX,insufficient_history
B7J.SG,no_data
JIM.L,good
ECOL,no_data
9904.TW,good
BYW.MU,good
CVCB3.SA,insufficient_history
BHT.V,no_data
BGRENERGY.NS,good
1178.HK,no_data
IX,good
RMP.L,no_data
TOTA.CO,no_data
CTM.MU,good
DIC.BE,no_data
BRI.MI,good
IFX.HA,good
NDA.SG,good
USG,insufficient_history
CRWS,good
LICHSGFIN.NS,good
VLRS,insufficient_history
ENZN,good
3576.TW,good
GEECEE.NS,good
IAG.AX,good
SVJ.SG,no_data
GPRE,good
KCOM.L,no_data
CSH.DU,good
FSZ.TO,good
LSBK,good
PLT.MI,no_data
VIV,good
B26.SI,good
BOBE,no_data
VWSA.DE,no_data
PRT.MI,good
BQE.L,insufficient_history
TIG.BR,insufficient_history
1583.TW,good
BRE2.ST,good
MYK.NZ,no_data
FLXS,good
SUM.AX,insufficient_history
BWJ.MU,good
FCCN.L,no_data
CHV.HA,insufficient_history
RIB.PA,no_data
DBAN.DU,good
OCC,good
HOLX,good
LGBBROSLTD.NS,good
VIV.V,no_data
MLP.F,good
SMID,good
NGLB.MU,good
FRI.AX,good
BBW,good
MTB.AX,good
LIO.V,good
SCE.F,good
ELD.AX,good
GCR.V,no_data
LAMM-B.ST,good
MLSBT.PA,no_data
OPXA,no_data
SASR,good
VER.L,good
TCN.AX,no_data
FTZ.AX,insufficient_history
ALD.DU,good
HAL.DE,good
SCCO,good
FCG.NZ,insufficient_history
OMGB,no_data
JKA.AX,insufficient_history
TIL.OL,no_data
DAN.MI,good
O5G.DU,good
BMG.AX,good
FTL.MI,no_data
M3B.F,no_data
6MK.F,good
CORR,no_data
NUF.AX,good
EOS.AX,good
0100.HK,no_data
GNG.V,good
SJM,good
HYDI,good
PTX,no_data
LEU,good
LHL.MU,good
NNA,no_data
OSP2.DU,no_data
MTW.L,no_data
